index,model,time,label,start,start_act,end_act,h,n_obs,start_flag,n_obs_flag,pi,score,mape,rmse,coverage,success,experiment_id,run_id,subba
1,LinearRegressionModel,2024-06-23 14:51:23,2024-06-14,2024-06-14,2024-06-14,2024-06-14 23:00:00,24,24,True,True,0.95,True,0.0570553505587314,788.2761210924441,0.7083333333333334,True,864371588125267715,099aef83995f4217bb390932e1d41a8d,PGAE
2,LinearRegressionModel,2024-06-23 14:52:26,2024-06-14,2024-06-14 00:00:00,2024-06-14,2024-06-14 23:00:00,24,24,True,True,0.95,True,0.0194239797570247,360.55421586274974,1.0,True,873277700966545103,758776b23fca4855a44e368c17c538f9,SCE
3,LinearRegressionModel,2024-06-23 14:53:03,2024-06-14,2024-06-14 00:00:00,2024-06-14,2024-06-14 23:00:00,24,24,True,True,0.95,True,0.0560713014530078,125.48229050326051,0.9166666666666666,True,986922930159407006,81443102baf84731884fea96bf6d7126,SDGE
4,LinearRegressionModel,2024-06-23 14:53:31,2024-06-14,2024-06-14 00:00:00,2024-06-14,2024-06-14 23:00:00,24,24,True,True,0.95,True,0.0935801156804564,14.920146313434616,0.875,True,813926755464554194,216c894e4cb6473389a6aa6165993899,VEA
5,LinearRegressionModel,2024-06-23 15:16:52,2024-06-23,2024-06-23 00:00:00,2024-06-23,2024-06-23 23:00:00,24,24,True,True,0.95,True,0.0530831398841231,864.7089576095453,0.7916666666666666,True,373228930228043986,f23c9442f20b47ba9b3fe1210f02a2b6,PGAE
6,LinearRegressionModel,2024-06-23 15:18:17,2024-06-23,2024-06-23 00:00:00,2024-06-23,2024-06-23 23:00:00,24,24,True,True,0.95,True,0.0509861790963846,903.553099185513,0.9583333333333334,True,190518114994809436,bcc0afc38e704e6f92aed6aa015f893a,SCE
7,LinearRegressionModel,2024-06-23 15:19:10,2024-06-23,2024-06-23 00:00:00,2024-06-23,2024-06-23 23:00:00,24,24,True,True,0.95,True,0.1482525240529486,358.9421017698998,1.0,True,698489665661925168,9b3a337f0abe49f9aba1064adbf532dc,SDGE
8,LinearRegressionModel,2024-06-23 15:19:51,2024-06-23,2024-06-23 00:00:00,2024-06-23,2024-06-23 23:00:00,24,24,True,True,0.95,True,0.1318878743868019,19.20747679856564,0.7916666666666666,True,868844378856469063,ddd4921ad20a4b37b34cf874bce53418,VEA
9,LinearRegressionModel,2024-06-24 14:17:05,2024-06-24,2024-06-24 00:00:00,2024-06-24,2024-06-24 23:00:00,24,24,True,True,0.95,True,0.1165423749983834,1912.9898637474,0.5833333333333334,True,140757038672609220,4a5fa25cb53f44d39f0fe12016fb5a9f,PGAE
10,LinearRegressionModel,2024-06-24 14:18:30,2024-06-24,2024-06-24 00:00:00,2024-06-24,2024-06-24 23:00:00,24,24,True,True,0.95,True,0.0497808602614664,1088.7749173056222,0.7916666666666666,True,709240678061762978,5d1c48cd6cc14e998f3b5af71ec8f8f6,SCE
11,LinearRegressionModel,2024-06-24 14:19:23,2024-06-24,2024-06-24 00:00:00,2024-06-24,2024-06-24 23:00:00,24,24,True,True,0.95,True,0.1808568651969756,462.69888063890266,0.7916666666666666,True,488488990554743922,186c827868cc4e5bbde84f85ba747707,SDGE
12,LinearRegressionModel,2024-06-24 14:20:04,2024-06-24,2024-06-24 00:00:00,2024-06-24,2024-06-24 23:00:00,24,24,True,True,0.95,True,0.133793806444156,18.9611568033484,0.875,True,318989322962265776,61176a533fb049f0a6e847990486a60c,VEA
13,LinearRegressionModel,2024-06-25 14:18:25,2024-06-25,2024-06-25 00:00:00,2024-06-25,2024-06-25 23:00:00,24,24,True,True,0.95,True,0.0334800405181936,516.4757841470043,0.9583333333333334,True,159302524980438456,fc73d4760890443096d908de4dbdd866,PGAE
14,LinearRegressionModel,2024-06-25 14:19:51,2024-06-25,2024-06-25 00:00:00,2024-06-25,2024-06-25 23:00:00,24,24,True,True,0.95,True,0.0209252763103183,392.9258539873045,0.9583333333333334,True,572541091301331211,2f407d97f0e447428d230f9656302e56,SCE
15,LinearRegressionModel,2024-06-25 14:20:43,2024-06-25,2024-06-25 00:00:00,2024-06-25,2024-06-25 23:00:00,24,24,True,True,0.95,True,0.0784763439687801,263.5162551584167,0.9583333333333334,True,976893471698560773,f80abe50f6fd4f22a7a3556d9f43f375,SDGE
16,LinearRegressionModel,2024-06-25 14:21:24,2024-06-25,2024-06-25 00:00:00,2024-06-25,2024-06-25 23:00:00,24,24,True,True,0.95,True,0.1496484167414347,26.63292730970677,0.7916666666666666,True,431777207486082884,32957fc612624b2cb7069a7c802f3c3d,VEA
17,LinearRegressionModel,2024-06-26 14:16:38,2024-06-26,2024-06-26 00:00:00,2024-06-26,2024-06-26 23:00:00,24,24,True,True,0.95,True,0.0673930367150826,931.5982544015864,0.75,True,438566631784043773,61971f71b1ce49bb87ca6ffa278bbdfd,PGAE
18,LinearRegressionModel,2024-06-26 14:18:04,2024-06-26,2024-06-26 00:00:00,2024-06-26,2024-06-26 23:00:00,24,24,True,True,0.95,True,0.0201681704098852,358.00354967691953,1.0,True,611815441629297396,c8545ca50caa4ec19dbf80c28e316480,SCE
19,LinearRegressionModel,2024-06-26 14:18:57,2024-06-26,2024-06-26 00:00:00,2024-06-26,2024-06-26 23:00:00,24,24,True,True,0.95,True,0.02917174065165,90.75436648534944,1.0,True,719659150270890405,e2d2834e81ca4ebbb9464c7e7b80ae9b,SDGE
20,LinearRegressionModel,2024-06-26 14:19:38,2024-06-26,2024-06-26 00:00:00,2024-06-26,2024-06-26 23:00:00,24,24,True,True,0.95,True,0.15256555139473,37.62126882759124,0.75,True,341216981082656470,5cd8c52b4f0045fa9848b434fb659328,VEA
21,LinearRegressionModel,2024-06-30 21:11:04,2024-06-30,2024-06-30 00:00:00,2024-06-30,2024-06-30 23:00:00,24,24,True,True,0.95,True,0.0270834469191945,394.19592145798816,1.0,True,352181836743002905,163de182b3604836b4d79597b138ba5d,PGAE
22,LinearRegressionModel,2024-06-30 21:12:28,2024-06-30,2024-06-30 00:00:00,2024-06-30,2024-06-30 23:00:00,24,24,True,True,0.95,True,0.0369328057432569,619.2587840353701,0.9166666666666666,True,882348557214612962,52ac902b481a45abb23c2ce0dbc56282,SCE
23,LinearRegressionModel,2024-06-30 21:13:21,2024-06-30,2024-06-30 00:00:00,2024-06-30,2024-06-30 23:00:00,24,24,True,True,0.95,True,0.029417004879508,64.26569058901141,1.0,True,561342251890326323,65c5aa1591654b769f6dbf28bbe6ce37,SDGE
24,LinearRegressionModel,2024-06-30 21:14:01,2024-06-30,2024-06-30 00:00:00,2024-06-30,2024-06-30 23:00:00,24,24,True,True,0.95,True,0.0429117821659983,9.65877623357024,0.9166666666666666,True,368745293176303763,0eb42c30eec443da97e73a1619d7e505,VEA
25,LinearRegressionModel,2024-07-01 12:38:26,2024-07-01,2024-07-01 00:00:00,2024-07-01,2024-07-01 23:00:00,24,24,True,True,0.95,True,0.0685903764233302,1187.2784196082837,0.5,True,224497293642481438,9b8c3e7d9cdf4390b6c089fe544d10f8,PGAE
26,LinearRegressionModel,2024-07-01 12:39:53,2024-07-01,2024-07-01 00:00:00,2024-07-01,2024-07-01 23:00:00,24,24,True,True,0.95,True,0.075999714906918,1416.8957008864686,0.625,True,643864724810309394,cb20d636df2d460283e51081917aee7e,SCE
27,LinearRegressionModel,2024-07-01 12:40:45,2024-07-01,2024-07-01 00:00:00,2024-07-01,2024-07-01 23:00:00,24,24,True,True,0.95,True,0.02997489955456,76.00705388751496,1.0,True,756233989576774391,31ea763e7a7d412ca7b213afb9ba8261,SDGE
28,LinearRegressionModel,2024-07-01 12:41:26,2024-07-01,2024-07-01 00:00:00,2024-07-01,2024-07-01 23:00:00,24,24,True,True,0.95,True,0.057671147988139,12.57604909853111,0.875,True,982363655507543789,561ba6e69baf43a1ad5f359e7833276e,VEA
29,LinearRegressionModel,2024-07-02 12:35:18,2024-07-02,2024-07-02 00:00:00,2024-07-02,2024-07-02 23:00:00,24,24,True,True,0.95,True,0.0463123796497914,910.1195282278924,0.7916666666666666,True,845555408385035844,0d80c8891e3d4e4795cf9de5d0f2130a,PGAE
30,LinearRegressionModel,2024-07-02 12:36:43,2024-07-02,2024-07-02 00:00:00,2024-07-02,2024-07-02 23:00:00,24,24,True,True,0.95,True,0.0345880398126278,652.5107453861369,0.9583333333333334,True,338644955792023596,bf6a0c897a39449e951f1b57d29df62c,SCE
31,LinearRegressionModel,2024-07-02 12:37:36,2024-07-02,2024-07-02 00:00:00,2024-07-02,2024-07-02 23:00:00,24,24,True,True,0.95,True,0.049309808143047,119.99403657474072,1.0,True,141893403175328124,736016d5f647464fb761d483bf463c50,SDGE
32,LinearRegressionModel,2024-07-02 12:38:17,2024-07-02,2024-07-02 00:00:00,2024-07-02,2024-07-02 23:00:00,24,24,True,True,0.95,True,0.0619025935345452,13.848880184800448,0.8333333333333334,True,872716726686684445,2ef1641a97294548b6592ecbfe56ac2b,VEA
33,LinearRegressionModel,2024-07-03 18:24:59,2024-07-03,2024-07-03 00:00:00,2024-07-03,2024-07-03 23:00:00,24,24,True,True,0.95,True,0.0552795258359115,1082.7086781093674,0.7916666666666666,True,125185829256963037,fc9de7cf22c34097a246bd0a106b0898,PGAE
34,LinearRegressionModel,2024-07-03 18:26:24,2024-07-03,2024-07-03 00:00:00,2024-07-03,2024-07-03 23:00:00,24,24,True,True,0.95,True,0.0550593078648476,988.324151079787,0.7916666666666666,True,948712843854090753,e55eab73cca44358a8099b3ea2b8a99b,SCE
35,LinearRegressionModel,2024-07-03 18:27:17,2024-07-03,2024-07-03 00:00:00,2024-07-03,2024-07-03 23:00:00,24,24,True,True,0.95,True,0.0551839712317682,139.89887888182653,1.0,True,736031671710513146,b155e831f0b84785a3648174a963fca5,SDGE
36,LinearRegressionModel,2024-07-03 18:27:58,2024-07-03,2024-07-03 00:00:00,2024-07-03,2024-07-03 23:00:00,24,24,True,True,0.95,True,0.0635256281391907,11.28828258571345,1.0,True,460440523417229331,5cf2db4b14324daa9d066cb709092f23,VEA
37,LinearRegressionModel,2024-07-04 18:25:53,2024-07-04,2024-07-04 00:00:00,2024-07-04,2024-07-04 23:00:00,24,24,True,True,0.95,True,0.0478787639235942,817.4779301652899,0.9166666666666666,True,882625754904528235,ff367f1aba9e437fbe36be906d46e1df,PGAE
38,LinearRegressionModel,2024-07-04 18:27:18,2024-07-04,2024-07-04 00:00:00,2024-07-04,2024-07-04 23:00:00,24,24,True,True,0.95,True,0.0718301879765366,1160.8377094694858,0.5416666666666666,True,282398433041351802,716277fff24a4a509745d6157ec4292b,SCE
39,LinearRegressionModel,2024-07-04 18:28:10,2024-07-04,2024-07-04 00:00:00,2024-07-04,2024-07-04 23:00:00,24,24,True,True,0.95,True,0.0779510810855051,176.7740681284157,1.0,True,706689748485574919,c4452cca4a124033aa2573042479d321,SDGE
40,LinearRegressionModel,2024-07-04 18:28:51,2024-07-04,2024-07-04 00:00:00,2024-07-04,2024-07-04 23:00:00,24,24,True,True,0.95,True,0.0650257558650595,12.59002366293718,0.875,True,788275462982475309,db132b087baf46589b78567bbfc79bdc,VEA
41,LinearRegressionModel,2024-07-05 18:26:00,2024-07-05,2024-07-05 00:00:00,2024-07-05,2024-07-05 23:00:00,24,24,True,True,0.95,True,0.0968717323069233,1529.3427342777447,0.3333333333333333,True,699725234028779916,d0fbff8fe2c84e50ae72fba0a8088aa5,PGAE
42,LinearRegressionModel,2024-07-05 18:27:26,2024-07-05,2024-07-05 00:00:00,2024-07-05,2024-07-05 23:00:00,24,24,True,True,0.95,True,0.0757135753652586,1384.5138168196145,0.625,True,521503945748959547,a98aeaee58ad404aa85aa42fe724eaf0,SCE
43,LinearRegressionModel,2024-07-05 18:28:19,2024-07-05,2024-07-05 00:00:00,2024-07-05,2024-07-05 23:00:00,24,24,True,True,0.95,True,0.0679298505437808,162.72245394446475,1.0,True,535751426925304434,5743440e17a14fb2841480fee5da0847,SDGE
44,LinearRegressionModel,2024-07-05 18:29:00,2024-07-05,2024-07-05 00:00:00,2024-07-05,2024-07-05 23:00:00,24,24,True,True,0.95,True,0.0450519174198491,10.195642855380244,0.875,True,439653529168934435,918b5b34966d435bbe37e51f3ab2971b,VEA
45,LinearRegressionModel,2024-07-06 18:24:33,2024-07-06,2024-07-06 00:00:00,2024-07-06,2024-07-06 23:00:00,24,24,True,True,0.95,True,0.0665623819544198,1216.3586990786196,0.4583333333333333,True,621472824257067040,5c4c0a690115471dab9533fc41bf90af,PGAE
46,LinearRegressionModel,2024-07-06 18:25:58,2024-07-06,2024-07-06 00:00:00,2024-07-06,2024-07-06 23:00:00,24,24,True,True,0.95,True,0.0587535683444506,1089.755003560816,0.75,True,496116640179389066,88e6e490e82b4114a0bd569d4f5838f5,SCE
47,LinearRegressionModel,2024-07-06 18:26:51,2024-07-06,2024-07-06 00:00:00,2024-07-06,2024-07-06 23:00:00,24,24,True,True,0.95,True,0.0736178706534647,219.52313427132032,1.0,True,913335053676401493,c9131b1ddd5a49d2a4b9d0daa2ec2a47,SDGE
48,LinearRegressionModel,2024-07-06 18:27:32,2024-07-06,2024-07-06 00:00:00,2024-07-06,2024-07-06 23:00:00,24,24,True,True,0.95,True,0.0610731521805603,10.906075635653965,0.9166666666666666,True,465709988417263042,886d5ce1f2a547b8b02e14f54e559b74,VEA
49,LinearRegressionModel,2024-07-07 18:24:39,2024-07-07,2024-07-07 00:00:00,2024-07-07,2024-07-07 23:00:00,24,24,True,True,0.95,True,0.0620596844680681,991.2718661491564,0.7083333333333334,True,546086418753536238,8677b116e1b4475ea4e3f21ce8e6f5c5,PGAE
50,LinearRegressionModel,2024-07-07 18:26:04,2024-07-07,2024-07-07 00:00:00,2024-07-07,2024-07-07 23:00:00,24,24,True,True,0.95,True,0.0390431828799599,605.9801692365581,1.0,True,556655652584952797,739b7f2cc0b741e8a99f69663ae7fbd6,SCE
51,LinearRegressionModel,2024-07-07 18:26:57,2024-07-07,2024-07-07 00:00:00,2024-07-07,2024-07-07 23:00:00,24,24,True,True,0.95,True,0.0347057193626747,86.0042682094071,1.0,True,517030034878725980,43c4f288774e4451a56eb46a31b73346,SDGE
52,LinearRegressionModel,2024-07-07 18:27:38,2024-07-07,2024-07-07 00:00:00,2024-07-07,2024-07-07 23:00:00,24,24,True,True,0.95,True,0.1110451536958924,27.718060103807552,0.8333333333333334,True,843518127369991153,b47466015b0046e7887bda2a96923e6a,VEA
53,LinearRegressionModel,2024-07-08 16:26:00,2024-07-08,2024-07-08 00:00:00,2024-07-08,2024-07-08 23:00:00,24,24,True,True,0.95,True,0.1018388475835122,1665.101261633701,0.5,True,245914134578161537,889ea147cb204554ba19edbea849347d,PGAE
54,LinearRegressionModel,2024-07-08 16:27:25,2024-07-08,2024-07-08 00:00:00,2024-07-08,2024-07-08 23:00:00,24,24,True,True,0.95,True,0.0901915226394567,1618.4159729096475,0.4583333333333333,True,248861112514005710,3ba34a4e9edc4ea4896c4a2f3dbe84d9,SCE
55,LinearRegressionModel,2024-07-08 16:28:18,2024-07-08,2024-07-08 00:00:00,2024-07-08,2024-07-08 23:00:00,24,24,True,True,0.95,True,0.0963814566846488,247.3745256358233,1.0,True,677683418590813192,f2e43e0509be4ac1a12298123ee4320c,SDGE
56,LinearRegressionModel,2024-07-08 16:28:59,2024-07-08,2024-07-08 00:00:00,2024-07-08,2024-07-08 23:00:00,24,24,True,True,0.95,True,0.1118589503281027,19.44971477674249,0.8333333333333334,True,918778494567991839,96c8ecddb82a4ca7b742ae17de7e8d75,VEA
57,LinearRegressionModel,2024-07-09 16:26:26,2024-07-09,2024-07-09 00:00:00,2024-07-09,2024-07-09 23:00:00,24,24,True,True,0.95,True,0.0369221134257047,608.2443079099424,0.9166666666666666,True,766922038376883167,7e479adf9f3b417f83addadc85c48c08,PGAE
58,LinearRegressionModel,2024-07-09 16:27:51,2024-07-09,2024-07-09 00:00:00,2024-07-09,2024-07-09 23:00:00,24,24,True,True,0.95,True,0.0432195514259075,771.492594786792,0.8333333333333334,True,322595720301967833,a2a7adeaa621428a96e1eab1bea88d1e,SCE
59,LinearRegressionModel,2024-07-09 16:28:44,2024-07-09,2024-07-09 00:00:00,2024-07-09,2024-07-09 23:00:00,24,24,True,True,0.95,True,0.0648678452663588,187.7414941514577,1.0,True,644125006058408845,ecbe6b73fceb4343ba855e2929291813,SDGE
60,LinearRegressionModel,2024-07-09 16:29:25,2024-07-09,2024-07-09 00:00:00,2024-07-09,2024-07-09 23:00:00,24,24,True,True,0.95,True,0.0750122914129611,12.86800814434332,0.8333333333333334,True,869433442963174009,fe0a865c89324d8e8e155286db611ac1,VEA
61,LinearRegressionModel,2024-07-10 16:25:58,2024-07-10,2024-07-10 00:00:00,2024-07-10,2024-07-10 23:00:00,24,24,True,True,0.95,True,0.0594450136257772,915.4101183185765,0.75,True,428339512224138460,fcfac2be3e724e498aba54eec95155b7,PGAE
62,LinearRegressionModel,2024-07-10 16:27:22,2024-07-10,2024-07-10 00:00:00,2024-07-10,2024-07-10 23:00:00,24,24,True,True,0.95,True,0.0237200588589091,451.6513413906816,1.0,True,150248387756548780,ebcec328d57446d8925b1eda862ad911,SCE
63,LinearRegressionModel,2024-07-10 16:28:15,2024-07-10,2024-07-10 00:00:00,2024-07-10,2024-07-10 23:00:00,24,24,True,True,0.95,True,0.0466505731954293,140.6698844543345,1.0,True,988383059448896982,c29cd8f6106f44aaa63250afedc43df5,SDGE
64,LinearRegressionModel,2024-07-10 16:28:56,2024-07-10,2024-07-10 00:00:00,2024-07-10,2024-07-10 23:00:00,24,24,True,True,0.95,True,0.0639712001443175,10.332116602843026,0.9166666666666666,True,429002805831419929,07637e696d094796a3b0de53fca5af81,VEA
65,LinearRegressionModel,2024-07-11 16:25:11,2024-07-11,2024-07-11 00:00:00,2024-07-11,2024-07-11 23:00:00,24,24,True,True,0.95,True,0.0645012801547459,1406.4089023379308,0.4583333333333333,True,926415703519816116,0a29fd46ce5a437b947460740b36be86,PGAE
66,LinearRegressionModel,2024-07-11 16:26:36,2024-07-11,2024-07-11 00:00:00,2024-07-11,2024-07-11 23:00:00,24,24,True,True,0.95,True,0.0494907152431959,898.7001223891542,0.875,True,593340668942786326,405f3a36a8f4490e8aae84ec16dc2e21,SCE
67,LinearRegressionModel,2024-07-11 16:27:28,2024-07-11,2024-07-11 00:00:00,2024-07-11,2024-07-11 23:00:00,24,24,True,True,0.95,True,0.0234840564300788,71.79552527228134,1.0,True,982907401229799951,09eeab7ac9e0491ab20a025635006884,SDGE
68,LinearRegressionModel,2024-07-11 16:28:09,2024-07-11,2024-07-11 00:00:00,2024-07-11,2024-07-11 23:00:00,24,24,True,True,0.95,True,0.0869331692543824,21.9981942297949,0.7916666666666666,True,233824537790346312,f41f936d21fb4fe68be9f8b09c0e94a5,VEA
69,LinearRegressionModel,2024-07-12 16:25:57,2024-07-12,2024-07-12 00:00:00,2024-07-12,2024-07-12 23:00:00,24,24,True,True,0.95,True,0.0210735824740003,403.1334180128475,1.0,True,420496129113557784,9d77d06fa94447b18e61ef7882cc7ecb,PGAE
70,LinearRegressionModel,2024-07-12 16:27:22,2024-07-12,2024-07-12 00:00:00,2024-07-12,2024-07-12 23:00:00,24,24,True,True,0.95,True,0.0246179350690806,518.4695973419944,0.9583333333333334,True,423542089572902874,e06d5e5d9cb242ce886caa8f94373ef1,SCE
71,LinearRegressionModel,2024-07-12 16:28:15,2024-07-12,2024-07-12 00:00:00,2024-07-12,2024-07-12 23:00:00,24,24,True,True,0.95,True,0.028648977134622,85.15129711711621,1.0,True,405815689371339666,5a5a65179da0466f85da0daa456c2f74,SDGE
72,LinearRegressionModel,2024-07-12 16:28:56,2024-07-12,2024-07-12 00:00:00,2024-07-12,2024-07-12 23:00:00,24,24,True,True,0.95,True,0.0596526942741834,15.02538282284186,0.8333333333333334,True,680907044353495387,6008b4b979a94f4e89a0317fd77e1589,VEA
73,LinearRegressionModel,2024-07-13 16:23:10,2024-07-13,2024-07-13 00:00:00,2024-07-13,2024-07-13 23:00:00,24,24,True,True,0.95,True,0.0312479192181228,633.7269685467495,0.875,True,624961824590257801,705fecd064e64d34b90e0d919d6523eb,PGAE
74,LinearRegressionModel,2024-07-13 16:24:34,2024-07-13,2024-07-13 00:00:00,2024-07-13,2024-07-13 23:00:00,24,24,True,True,0.95,True,0.0599269264153924,1045.421996035422,0.7083333333333334,True,912060712450230857,8ce56d9ed57c40f1adb68684a1c0659a,SCE
75,LinearRegressionModel,2024-07-13 16:25:26,2024-07-13,2024-07-13 00:00:00,2024-07-13,2024-07-13 23:00:00,24,24,True,True,0.95,True,0.0871175296879491,194.4239723559723,1.0,True,353249559489522265,31c2113f7adb4dfba02f8b4f0dea5fdf,SDGE
76,LinearRegressionModel,2024-07-13 16:26:07,2024-07-13,2024-07-13 00:00:00,2024-07-13,2024-07-13 23:00:00,24,24,True,True,0.95,True,0.1115823953647709,17.281877103714567,0.875,True,974723559754783990,0102aa394be349a4819ef7a967f90faf,VEA
77,LinearRegressionModel,2024-07-14 16:37:06,2024-07-14,2024-07-14 00:00:00,2024-07-14,2024-07-14 23:00:00,24,24,True,True,0.95,True,0.0593152248029692,912.5568428160398,0.7083333333333334,True,973544997123391574,d30803ff2c8a42f9baea5f3d6fbd4b1b,PGAE
78,LinearRegressionModel,2024-07-14 16:38:31,2024-07-14,2024-07-14 00:00:00,2024-07-14,2024-07-14 23:00:00,24,24,True,True,0.95,True,0.0236824092796965,424.5556928380615,0.9583333333333334,True,998133221158981973,9ea2ac39cb4e4359bf99f8f38bf6adcd,SCE
79,LinearRegressionModel,2024-07-14 16:39:23,2024-07-14,2024-07-14 00:00:00,2024-07-14,2024-07-14 23:00:00,24,24,True,True,0.95,True,0.0423300653678381,136.76722421430705,0.9166666666666666,True,547235764142506192,022b1105dad14d9f9f5976bb685e481c,SDGE
80,LinearRegressionModel,2024-07-14 16:40:04,2024-07-14,2024-07-14 00:00:00,2024-07-14,2024-07-14 23:00:00,24,24,True,True,0.95,True,0.2428625656024189,24.88546871872401,0.9166666666666666,True,134407880572219185,3b0ae17f8f214b09b3241caeaab71f91,VEA
81,LinearRegressionModel,2024-07-15 16:25:43,2024-07-15,2024-07-15 00:00:00,2024-07-15,2024-07-15 23:00:00,24,24,True,True,0.95,True,0.074024900078902,1062.1555256480688,0.4583333333333333,True,397661279823598223,3c01ea990879435382425e5bf8dae6fc,PGAE
82,LinearRegressionModel,2024-07-15 16:27:09,2024-07-15,2024-07-15 00:00:00,2024-07-15,2024-07-15 23:00:00,24,24,True,True,0.95,True,0.0739144980210402,1664.94525615805,0.7083333333333334,True,485184825120920272,a6a88201ac5f4e3d96276ae8c04a932a,SCE
83,LinearRegressionModel,2024-07-15 16:28:02,2024-07-15,2024-07-15 00:00:00,2024-07-15,2024-07-15 23:00:00,24,24,True,True,0.95,True,0.0612017706695741,186.32828383869813,1.0,True,999781313775861931,c23c5f3546984018a84e34d62a63bf4d,SDGE
84,LinearRegressionModel,2024-07-15 16:28:43,2024-07-15,2024-07-15 00:00:00,2024-07-15,2024-07-15 23:00:00,24,24,True,True,0.95,True,0.1019331723162941,18.31425616834296,0.9166666666666666,True,600783534858329140,75e0c9cba227479bb0bb1ef7be741025,VEA
85,LinearRegressionModel,2024-07-16 16:24:32,2024-07-16,2024-07-16 00:00:00,2024-07-16,2024-07-16 23:00:00,24,24,True,True,0.95,True,0.0594494379407239,870.7059489152322,0.7916666666666666,True,657346068902477897,3460b78673ff4f35be0532dfd8d3b35b,PGAE
86,LinearRegressionModel,2024-07-16 16:25:58,2024-07-16,2024-07-16 00:00:00,2024-07-16,2024-07-16 23:00:00,24,24,True,True,0.95,True,0.0332620485534659,595.1842597900189,0.875,True,152051375982339203,5c16c51464bb40d8a1b7581f9e734ea5,SCE
87,LinearRegressionModel,2024-07-16 16:26:50,2024-07-16,2024-07-16 00:00:00,2024-07-16,2024-07-16 23:00:00,24,24,True,True,0.95,True,0.0593159965448544,148.88678583854465,1.0,True,730725423851075800,de18da5e990d47bc877f896721934cfc,SDGE
88,LinearRegressionModel,2024-07-16 16:27:32,2024-07-16,2024-07-16 00:00:00,2024-07-16,2024-07-16 23:00:00,24,24,True,True,0.95,True,0.074794523260917,13.152255736588485,0.9166666666666666,True,809569984697387975,945aa96cde244769b6d14630eb9dd4e7,VEA
89,LinearRegressionModel,2024-07-17 16:26:31,2024-07-17,2024-07-17 00:00:00,2024-07-17,2024-07-17 23:00:00,24,24,True,True,0.95,True,0.0325871724461989,495.87996101402814,0.9583333333333334,True,365552374708038379,69f681bce9f04bc4b411215d59ee7a96,PGAE
90,LinearRegressionModel,2024-07-17 16:27:56,2024-07-17,2024-07-17 00:00:00,2024-07-17,2024-07-17 23:00:00,24,24,True,True,0.95,True,0.0197487129089186,348.47328243498373,1.0,True,976864182556588942,9b58fec809014540a227be444b1242f2,SCE
91,LinearRegressionModel,2024-07-17 16:28:48,2024-07-17,2024-07-17 00:00:00,2024-07-17,2024-07-17 23:00:00,24,24,True,True,0.95,True,0.0333606805495667,98.60075073963316,1.0,True,864462809591216248,a9a668bdc7d74d5880f28ae38ce49028,SDGE
92,LinearRegressionModel,2024-07-17 16:29:30,2024-07-17,2024-07-17 00:00:00,2024-07-17,2024-07-17 23:00:00,24,24,True,True,0.95,True,0.0557256031122384,15.11775156533534,0.875,True,873051989235554324,70725aec1889474abb605cc795935fa4,VEA
93,LinearRegressionModel,2024-07-18 16:25:38,2024-07-18,2024-07-18 00:00:00,2024-07-18,2024-07-18 23:00:00,24,24,True,True,0.95,True,0.032670466529206,613.7377295381353,0.9166666666666666,True,974067257961642874,80806427e0c94fe69e2ebec5cfb59cf7,PGAE
94,LinearRegressionModel,2024-07-18 16:27:03,2024-07-18,2024-07-18 00:00:00,2024-07-18,2024-07-18 23:00:00,24,24,True,True,0.95,True,0.0629588895909622,1001.797893131031,0.875,True,850522577582762688,a353b9adb15b4d9598062f424721d62d,SCE
95,LinearRegressionModel,2024-07-18 16:27:55,2024-07-18,2024-07-18 00:00:00,2024-07-18,2024-07-18 23:00:00,24,24,True,True,0.95,True,0.0550539539965561,159.6489076258968,0.9583333333333334,True,152272023919147173,5d5cdf37667040c382849d3ff33e5861,SDGE
96,LinearRegressionModel,2024-07-18 16:28:36,2024-07-18,2024-07-18 00:00:00,2024-07-18,2024-07-18 23:00:00,24,24,True,True,0.95,True,0.0722780431335468,14.562498075188213,0.9166666666666666,True,987674940897527507,51f1ec2408724d46bbb87d474959fe69,VEA
97,LinearRegressionModel,2024-07-19 16:26:11,2024-07-19,2024-07-19 00:00:00,2024-07-19,2024-07-19 23:00:00,24,24,True,True,0.95,True,0.0510846028686831,802.9391755943418,0.625,True,706955369629021358,0e208a6c75ba483785ebe8ca49802c41,PGAE
98,LinearRegressionModel,2024-07-19 16:27:37,2024-07-19,2024-07-19 00:00:00,2024-07-19,2024-07-19 23:00:00,24,24,True,True,0.95,True,0.0185915228738192,357.57257853311506,1.0,True,570270658937334917,fe572e4b1a7c4f8dbc2e5d5054ba2de0,SCE
99,LinearRegressionModel,2024-07-19 16:28:29,2024-07-19,2024-07-19 00:00:00,2024-07-19,2024-07-19 23:00:00,24,24,True,True,0.95,True,0.0398348422729569,108.38724353001396,1.0,True,368967128606061038,3847b98faed443dcb6e24cc8f76971d7,SDGE
100,LinearRegressionModel,2024-07-19 16:29:10,2024-07-19,2024-07-19 00:00:00,2024-07-19,2024-07-19 23:00:00,24,24,True,True,0.95,True,0.0433294003721273,10.928963042088554,0.9166666666666666,True,204673085853595394,efbf4067a5854c6f901d17b3a12ee4b5,VEA
101,LinearRegressionModel,2024-07-20 16:07:05,2024-07-20,2024-07-20 00:00:00,2024-07-20,2024-07-20 23:00:00,24,24,True,True,0.95,True,0.0584597122311213,918.6677926630156,0.625,True,123565046347801296,676eb0246d2c43b6a6ec59eb0a17e9d3,PGAE
102,LinearRegressionModel,2024-07-20 16:08:29,2024-07-20,2024-07-20 00:00:00,2024-07-20,2024-07-20 23:00:00,24,24,True,True,0.95,True,0.0319306611206396,495.5191401402281,1.0,True,243704269717262322,db4f2e0773834e7787d61e874dd6ee61,SCE
103,LinearRegressionModel,2024-07-20 16:09:22,2024-07-20,2024-07-20 00:00:00,2024-07-20,2024-07-20 23:00:00,24,24,True,True,0.95,True,0.0632550149115291,196.1890510651711,0.9166666666666666,True,967972345723685963,e155bd0394e14d70bc436c6825fe6f94,SDGE
104,LinearRegressionModel,2024-07-20 16:10:02,2024-07-20,2024-07-20 00:00:00,2024-07-20,2024-07-20 23:00:00,24,24,True,True,0.95,True,0.0590343810604511,10.300571764914489,0.9166666666666666,True,774509286108252785,2559e63fbbc04420bb1944d0f6ab48f5,VEA
105,LinearRegressionModel,2024-07-21 16:08:19,2024-07-21,2024-07-21 00:00:00,2024-07-21,2024-07-21 23:00:00,24,24,True,True,0.95,True,0.0372030355653836,564.6559740364693,0.875,True,229080229365413133,80de6e6fd9564225853b2f48bb6d796d,PGAE
106,LinearRegressionModel,2024-07-21 16:09:44,2024-07-21,2024-07-21 00:00:00,2024-07-21,2024-07-21 23:00:00,24,24,True,True,0.95,True,0.0340478532530092,571.3437218664234,1.0,True,911626341591391890,bfa34be6b80243efab6f6eac443cdd9f,SCE
107,LinearRegressionModel,2024-07-21 16:10:36,2024-07-21,2024-07-21 00:00:00,2024-07-21,2024-07-21 23:00:00,24,24,True,True,0.95,True,0.0324536037670748,87.68991188140846,1.0,True,542006432692618995,69230bb025b64fcd850514ed6e734e3e,SDGE
108,LinearRegressionModel,2024-07-21 16:11:17,2024-07-21,2024-07-21 00:00:00,2024-07-21,2024-07-21 23:00:00,24,24,True,True,0.95,True,0.0525435864573674,12.64608996334997,0.9166666666666666,True,458985763787375607,114c7885607c46a7947c70a281922aef,VEA
109,LinearRegressionModel,2024-07-22 16:07:47,2024-07-22,2024-07-22 00:00:00,2024-07-22,2024-07-22 23:00:00,24,24,True,True,0.95,True,0.1267617855428268,2106.525617589997,0.3333333333333333,True,399797637348768879,233b4273f3aa469ab53273a7743cda2d,PGAE
110,LinearRegressionModel,2024-07-22 16:09:12,2024-07-22,2024-07-22 00:00:00,2024-07-22,2024-07-22 23:00:00,24,24,True,True,0.95,True,0.0741291283847357,1799.8610997209094,0.5833333333333334,True,482999196379032956,00580414b19f45e09e2c43a17eff858e,SCE
111,LinearRegressionModel,2024-07-22 16:10:05,2024-07-22,2024-07-22 00:00:00,2024-07-22,2024-07-22 23:00:00,24,24,True,True,0.95,True,0.0628959332143758,193.6344197946539,1.0,True,734783884103637720,4bb6b1d4ebae448c9057b4cd16982f4d,SDGE
112,LinearRegressionModel,2024-07-22 16:10:46,2024-07-22,2024-07-22 00:00:00,2024-07-22,2024-07-22 23:00:00,24,24,True,True,0.95,True,0.1092770973972533,16.388199615092955,0.8333333333333334,True,893496792879490315,acac35ef52314860896085c12d8c362d,VEA
113,LinearRegressionModel,2024-07-24 16:08:19,2024-07-24,2024-07-24 00:00:00,2024-07-24,2024-07-24 23:00:00,24,24,True,True,0.95,True,0.0591200703494409,1023.9840586348498,0.6666666666666666,True,332928843916639366,ba4f20c128664f53b207938bd359db7e,PGAE
114,LinearRegressionModel,2024-07-24 16:09:44,2024-07-24,2024-07-24 00:00:00,2024-07-24,2024-07-24 23:00:00,24,24,True,True,0.95,True,0.0297958425091411,668.6106310085305,1.0,True,127945730269558290,ccca01bd261e4f8c837a846555f5d4ee,SCE
115,LinearRegressionModel,2024-07-24 16:10:38,2024-07-24,2024-07-24 00:00:00,2024-07-24,2024-07-24 23:00:00,24,24,True,True,0.95,True,0.093923683792779,265.2543582196523,1.0,True,244205835305739998,ab69e8d77d9248568ca4bac0e721ae05,SDGE
116,LinearRegressionModel,2024-07-24 16:11:19,2024-07-24,2024-07-24 00:00:00,2024-07-24,2024-07-24 23:00:00,24,24,True,True,0.95,True,0.0754647190325713,14.711839809901504,0.875,True,358342103081704906,80de58815b57416298d9e83dbcfe5795,VEA
117,LinearRegressionModel,2024-07-26 16:07:28,2024-07-26,2024-07-26 00:00:00,2024-07-26,2024-07-26 23:00:00,24,24,True,True,0.95,True,0.0394334868490929,720.9564398944611,0.75,True,703512284633472969,3b1ed9485f494d0a8cd4cea6670abf81,PGAE
118,LinearRegressionModel,2024-07-26 16:08:53,2024-07-26,2024-07-26 00:00:00,2024-07-26,2024-07-26 23:00:00,24,24,True,True,0.95,True,0.0265120249028632,599.5711264181792,1.0,True,419325917640181361,2ffcd69288ea45a8a7b098dbd8c8554b,SCE
119,LinearRegressionModel,2024-07-26 16:09:46,2024-07-26,2024-07-26 00:00:00,2024-07-26,2024-07-26 23:00:00,24,24,True,True,0.95,True,0.0659235239099281,242.2385209378513,0.7916666666666666,True,130359167625932206,66344a2b1dc04e07a814fc8ad6dcc864,SDGE
120,LinearRegressionModel,2024-07-26 16:10:27,2024-07-26,2024-07-26 00:00:00,2024-07-26,2024-07-26 23:00:00,24,24,True,True,0.95,True,0.1225961412509334,25.43142740925054,0.875,True,239522724979477147,f4c7412a5a2c452999f90c092919c2a7,VEA
121,LinearRegressionModel,2024-07-27 16:07:43,2024-07-27,2024-07-27 00:00:00,2024-07-27,2024-07-27 23:00:00,24,24,True,True,0.95,True,0.1079998660049824,1565.6613185122444,0.5833333333333334,True,139965554506662212,60f25dfc725449feb6cffae16205b505,PGAE
122,LinearRegressionModel,2024-07-27 16:09:08,2024-07-27,2024-07-27 00:00:00,2024-07-27,2024-07-27 23:00:00,24,24,True,True,0.95,True,0.0773225719883598,1544.3450655531092,0.625,True,987424748001140969,aaa702c0facc4395bf2a00090770b9b9,SCE
123,LinearRegressionModel,2024-07-27 16:10:00,2024-07-27,2024-07-27 00:00:00,2024-07-27,2024-07-27 23:00:00,24,24,True,True,0.95,True,0.1432181163383941,337.98734664867345,0.7916666666666666,True,767959330951441758,006f16511eeb4e87a08674c23fa367d6,SDGE
124,LinearRegressionModel,2024-07-27 16:10:42,2024-07-27,2024-07-27 00:00:00,2024-07-27,2024-07-27 23:00:00,24,24,True,True,0.95,True,0.1147205874197994,19.408463986981776,0.9583333333333334,True,130824164534611155,b60b464a54064c59a3bea2731f6856ed,VEA
125,LinearRegressionModel,2024-07-28 16:07:58,2024-07-28,2024-07-28 00:00:00,2024-07-28,2024-07-28 23:00:00,24,24,True,True,0.95,True,0.0688598185931546,892.6830546117084,0.4166666666666667,True,116646898123749826,d5e183b371414f598ba734eebf538895,PGAE
126,LinearRegressionModel,2024-07-28 16:09:23,2024-07-28,2024-07-28 00:00:00,2024-07-28,2024-07-28 23:00:00,24,24,True,True,0.95,True,0.0383656791817634,619.7992331080931,0.9583333333333334,True,222681399789878957,d67ea0b229a74cdd94cd99f2a260883a,SCE
127,LinearRegressionModel,2024-07-28 16:10:16,2024-07-28,2024-07-28 00:00:00,2024-07-28,2024-07-28 23:00:00,24,24,True,True,0.95,True,0.1493395852656626,323.1665834487977,0.7083333333333334,True,886871902382562228,3be0ca8d062248f58a54cb20e46c17ca,SDGE
128,LinearRegressionModel,2024-07-28 16:10:58,2024-07-28,2024-07-28 00:00:00,2024-07-28,2024-07-28 23:00:00,24,24,True,True,0.95,True,0.1418995560625252,15.190639365968602,1.0,True,150457353304326568,c966fcb1f2fe440b836eca351b8afbc0,VEA
129,LinearRegressionModel,2024-07-29 20:07:37,2024-07-29,2024-07-29 00:00:00,2024-07-29,2024-07-29 23:00:00,24,24,True,True,0.95,True,0.0616319743386108,878.0574191948159,0.6666666666666666,True,973138029715192673,9a7caaa821b240268b642b1639c6aefd,PGAE
130,LinearRegressionModel,2024-07-29 20:09:02,2024-07-29,2024-07-29 00:00:00,2024-07-29,2024-07-29 23:00:00,24,24,True,True,0.95,True,0.0714805315639816,1269.1283429603243,0.6666666666666666,True,773670138950782621,7de9ee9e947248f6832aaa3813cff196,SCE
131,LinearRegressionModel,2024-07-29 20:09:55,2024-07-29,2024-07-29 00:00:00,2024-07-29,2024-07-29 23:00:00,24,24,True,True,0.95,True,0.0432593865490001,112.82080986201312,1.0,True,641215013920362080,191aea8c4ab34b979424ec11880643a8,SDGE
132,LinearRegressionModel,2024-07-29 20:10:36,2024-07-29,2024-07-29 00:00:00,2024-07-29,2024-07-29 23:00:00,24,24,True,True,0.95,True,0.0975462841101026,20.005829543894368,0.7916666666666666,True,752854371598608998,603c7d0d512e4ee2b9e7d299bea4c597,VEA
133,LinearRegressionModel,2024-07-30 16:08:35,2024-07-30,2024-07-30 00:00:00,2024-07-30,2024-07-30 23:00:00,24,24,True,True,0.95,True,0.0493074240112412,678.5655082302659,0.8333333333333334,True,749351792391053949,4e5a4ee9d0d2410c92a910f0186dbf77,PGAE
134,LinearRegressionModel,2024-07-30 16:10:00,2024-07-30,2024-07-30 00:00:00,2024-07-30,2024-07-30 23:00:00,24,24,True,True,0.95,True,0.018253214218388,306.0744249078245,1.0,True,129868109218349842,6cd80c817bed4de398dcdd069b5e1949,SCE
135,LinearRegressionModel,2024-07-30 16:10:53,2024-07-30,2024-07-30 00:00:00,2024-07-30,2024-07-30 23:00:00,24,24,True,True,0.95,True,0.0491218557112496,121.03253805862478,1.0,True,342363129198401146,9f0fda4c46f940a58289293a12e8f788,SDGE
136,LinearRegressionModel,2024-07-30 16:11:34,2024-07-30,2024-07-30 00:00:00,2024-07-30,2024-07-30 23:00:00,24,24,True,True,0.95,True,0.0719516737650785,13.274223687230876,0.9166666666666666,True,929910584540129478,12f6c2b172a545ad80bb138469680de0,VEA
137,LinearRegressionModel,2024-07-31 16:07:44,2024-07-31,2024-07-31 00:00:00,2024-07-31,2024-07-31 23:00:00,24,24,True,True,0.95,True,0.0414062529290787,621.0110058885863,0.75,True,805923212480535602,6712ff312f0b4187a96286e8e3484b36,PGAE
138,LinearRegressionModel,2024-07-31 16:09:09,2024-07-31,2024-07-31 00:00:00,2024-07-31,2024-07-31 23:00:00,24,24,True,True,0.95,True,0.0323180393439725,524.7600741008233,1.0,True,829276804096485766,75483491043c4cb5892029d3a9fa640f,SCE
139,LinearRegressionModel,2024-07-31 16:10:01,2024-07-31,2024-07-31 00:00:00,2024-07-31,2024-07-31 23:00:00,24,24,True,True,0.95,True,0.0696043286214932,158.57456392453972,1.0,True,192023577346126447,720f1755600c40719d53b5a87fe5747f,SDGE
140,LinearRegressionModel,2024-07-31 16:10:42,2024-07-31,2024-07-31 00:00:00,2024-07-31,2024-07-31 23:00:00,24,24,True,True,0.95,True,0.0644488906408909,12.335964749636949,0.9583333333333334,True,441176055281504424,9a51d83acab24808af71053be11a1d23,VEA
141,LinearRegressionModel,2024-08-01 16:07:37,2024-08-01,2024-08-01 00:00:00,2024-08-01,2024-08-01 23:00:00,24,24,True,True,0.95,True,0.0376746780693232,546.7014478473994,1.0,True,838248155529373001,76c7216552ce4675a4b84f649149adab,PGAE
142,LinearRegressionModel,2024-08-01 16:09:03,2024-08-01,2024-08-01 00:00:00,2024-08-01,2024-08-01 23:00:00,24,24,True,True,0.95,True,0.0534454660814876,841.0200478918629,0.9583333333333334,True,287858905794864698,4ebfca52d3fb45e483a0e1302c712345,SCE
143,LinearRegressionModel,2024-08-01 16:09:55,2024-08-01,2024-08-01 00:00:00,2024-08-01,2024-08-01 23:00:00,24,24,True,True,0.95,True,0.0415517938379155,130.86519680201005,1.0,True,211621940954993124,220dc7d89aae4767a2341fad54deb619,SDGE
144,LinearRegressionModel,2024-08-01 16:10:37,2024-08-01,2024-08-01 00:00:00,2024-08-01,2024-08-01 23:00:00,24,24,True,True,0.95,True,0.1132662485521562,22.5676703400203,1.0,True,307220642642465285,1d951905193541a797d2bda4db22ecdd,VEA
145,LinearRegressionModel,2024-08-02 16:08:31,2024-08-02,2024-08-02 00:00:00,2024-08-02,2024-08-02 23:00:00,24,24,True,True,0.95,True,0.0516563754254666,929.0225178290178,0.6666666666666666,True,508157491525687265,51cf8f66edde483f96693bfee990559f,PGAE
146,LinearRegressionModel,2024-08-02 16:09:56,2024-08-02,2024-08-02 00:00:00,2024-08-02,2024-08-02 23:00:00,24,24,True,True,0.95,True,0.0439195400788609,1098.6234333055922,0.8333333333333334,True,939077013831747536,29788e7efd8d4e62b106696f30931968,SCE
147,LinearRegressionModel,2024-08-02 16:10:49,2024-08-02,2024-08-02 00:00:00,2024-08-02,2024-08-02 23:00:00,24,24,True,True,0.95,True,0.0626799007478763,183.6834049156085,0.9166666666666666,True,667605318451535121,d7eb1c38a3f2474b876e1ae4a08cd74b,SDGE
148,LinearRegressionModel,2024-08-02 16:11:30,2024-08-02,2024-08-02 00:00:00,2024-08-02,2024-08-02 23:00:00,24,24,True,True,0.95,True,0.1306494212543122,17.375992560857338,1.0,True,432171659031507683,7ebee7ab61a84b94b9ab2946ce3d5fd6,VEA
149,LinearRegressionModel,2024-08-03 16:07:22,2024-08-03,2024-08-03 00:00:00,2024-08-03,2024-08-03 23:00:00,24,24,True,True,0.95,True,0.0680267634705801,1093.730150397417,0.5833333333333334,True,806522169571866446,3a5639ee872449eead7dec1c1b344485,PGAE
150,LinearRegressionModel,2024-08-03 16:08:47,2024-08-03,2024-08-03 00:00:00,2024-08-03,2024-08-03 23:00:00,24,24,True,True,0.95,True,0.0548835025821325,1039.5082328980154,0.6666666666666666,True,987037307401848288,3671101757a74234b8fd631efa73e80a,SCE
151,LinearRegressionModel,2024-08-03 16:09:41,2024-08-03,2024-08-03 00:00:00,2024-08-03,2024-08-03 23:00:00,24,24,True,True,0.95,True,0.0782348061191779,269.4176537640774,0.75,True,505239542638748467,4da1cd0fb5684443915f4f85cf80161d,SDGE
152,LinearRegressionModel,2024-08-03 16:10:22,2024-08-03,2024-08-03 00:00:00,2024-08-03,2024-08-03 23:00:00,24,24,True,True,0.95,True,0.1713874121372864,44.3971880674213,0.7083333333333334,True,358236049758296567,33a5f586556e4a289f9a7a32ccfa4a26,VEA
153,LinearRegressionModel,2024-08-04 16:07:00,2024-08-04,2024-08-04 00:00:00,2024-08-04,2024-08-04 23:00:00,24,24,True,True,0.95,True,0.0845392616377701,1514.162945753575,0.5833333333333334,True,470206323493828892,9f43fddf48a44dc69a5783586de31f7f,PGAE
154,LinearRegressionModel,2024-08-04 16:08:26,2024-08-04,2024-08-04 00:00:00,2024-08-04,2024-08-04 23:00:00,24,24,True,True,0.95,True,0.0505855651346078,869.659446792909,0.9166666666666666,True,359434715932714735,67ad433d713e4b34afe8db5033d12c9b,SCE
155,LinearRegressionModel,2024-08-04 16:09:19,2024-08-04,2024-08-04 00:00:00,2024-08-04,2024-08-04 23:00:00,24,24,True,True,0.95,True,0.0328772779138575,89.25481178034477,1.0,True,475663321265846124,0c9aa1681efa43beac6cf53463d56d5f,SDGE
156,LinearRegressionModel,2024-08-04 16:10:01,2024-08-04,2024-08-04 00:00:00,2024-08-04,2024-08-04 23:00:00,24,24,True,True,0.95,True,0.0744321208801057,14.111364243787644,0.8333333333333334,True,371439050227783962,771b140e595a4d5cb79650d27cfee8d1,VEA
157,LinearRegressionModel,2024-08-05 16:07:45,2024-08-05,2024-08-05 00:00:00,2024-08-05,2024-08-05 23:00:00,24,24,True,True,0.95,True,0.1016384016065437,1454.4691767469992,0.5,True,594171880704564932,a31b3f4f4e344559be9c94698bb73151,PGAE
158,LinearRegressionModel,2024-08-05 16:09:11,2024-08-05,2024-08-05 00:00:00,2024-08-05,2024-08-05 23:00:00,24,24,True,True,0.95,True,0.1100198558837241,2306.0678934901425,0.4583333333333333,True,469868712482638243,c07f238cd5b3401697364a234f04db64,SCE
159,LinearRegressionModel,2024-08-05 16:10:04,2024-08-05,2024-08-05 00:00:00,2024-08-05,2024-08-05 23:00:00,24,24,True,True,0.95,True,0.1345530583022139,400.05780004308417,0.75,True,508833443007968764,b02e003f2897400ab7baacff9b99165e,SDGE
160,LinearRegressionModel,2024-08-05 16:10:45,2024-08-05,2024-08-05 00:00:00,2024-08-05,2024-08-05 23:00:00,24,24,True,True,0.95,True,0.0815995146050717,13.99865281160594,0.875,True,342217731590253925,380106b01246496394743fed590afee3,VEA
161,LinearRegressionModel,2024-08-06 16:07:47,2024-08-06,2024-08-06 00:00:00,2024-08-06,2024-08-06 23:00:00,24,24,True,True,0.95,True,0.0219876505058408,412.17853076581457,0.9583333333333334,True,431807042524003247,2feeec7a5afc4c68bccc5a28b3645516,PGAE
162,LinearRegressionModel,2024-08-06 16:09:13,2024-08-06,2024-08-06 00:00:00,2024-08-06,2024-08-06 23:00:00,24,24,True,True,0.95,True,0.0133657561956548,287.7555335311111,1.0,True,269189031095698382,23472aa6706241b68e549a00e9ad110e,SCE
163,LinearRegressionModel,2024-08-06 16:10:05,2024-08-06,2024-08-06 00:00:00,2024-08-06,2024-08-06 23:00:00,24,24,True,True,0.95,True,0.0684682509374279,275.8089071957178,0.7916666666666666,True,309353480457838043,51564f3d2fcc4de5aaaa69389d120561,SDGE
164,LinearRegressionModel,2024-08-06 16:10:47,2024-08-06,2024-08-06 00:00:00,2024-08-06,2024-08-06 23:00:00,24,24,True,True,0.95,True,0.1028539642934514,15.498117123511348,0.75,True,750102197622644504,22c90898eb884953b9ddda4d6ca9aad8,VEA
165,LinearRegressionModel,2024-08-07 16:08:14,2024-08-07,2024-08-07 00:00:00,2024-08-07,2024-08-07 23:00:00,24,24,True,True,0.95,True,0.0474696298730288,902.8029011788096,0.6666666666666666,True,788511511992433389,3caa1956614940129b12515c17ad9ef1,PGAE
166,LinearRegressionModel,2024-08-07 16:09:39,2024-08-07,2024-08-07 00:00:00,2024-08-07,2024-08-07 23:00:00,24,24,True,True,0.95,True,0.0271784599865982,572.8691386843606,1.0,True,668540242634601106,3a96f9dc55ac457bb0f659e179ea8bc0,SCE
167,LinearRegressionModel,2024-08-07 16:10:31,2024-08-07,2024-08-07 00:00:00,2024-08-07,2024-08-07 23:00:00,24,24,True,True,0.95,True,0.0775072180792271,238.69930403701065,1.0,True,634605389253790245,afab65030f134edc95d9a31198e195b6,SDGE
168,LinearRegressionModel,2024-08-07 16:11:12,2024-08-07,2024-08-07 00:00:00,2024-08-07,2024-08-07 23:00:00,24,24,True,True,0.95,True,0.0981688628348112,16.489539792980825,0.75,True,352679885347629223,27d0a59f91da4add82e21a3f196dc21a,VEA
169,LinearRegressionModel,2024-08-08 16:08:05,2024-08-08,2024-08-08 00:00:00,2024-08-08,2024-08-08 23:00:00,24,24,True,True,0.95,True,0.0321697441092649,600.1387222527306,0.9166666666666666,True,385622902881755073,bd272088809d4579b5a6df1e8c654e68,PGAE
170,LinearRegressionModel,2024-08-08 16:09:31,2024-08-08,2024-08-08 00:00:00,2024-08-08,2024-08-08 23:00:00,24,24,True,True,0.95,True,0.0272255079841422,496.8284691459502,1.0,True,625646173235304759,6aae4c1641a94224985e70113a755923,SCE
171,LinearRegressionModel,2024-08-08 16:10:24,2024-08-08,2024-08-08 00:00:00,2024-08-08,2024-08-08 23:00:00,24,24,True,True,0.95,True,0.0976754698368863,256.4002676754925,0.7916666666666666,True,637652233132757638,2ae6d822f17d4d2ba5ded3753602b0a5,SDGE
172,LinearRegressionModel,2024-08-08 16:11:05,2024-08-08,2024-08-08 00:00:00,2024-08-08,2024-08-08 23:00:00,24,24,True,True,0.95,True,0.0501504492086675,11.884637802102583,0.9166666666666666,True,983280476332605621,161299a20d56440e939d0ba9a553ea69,VEA
173,LinearRegressionModel,2024-08-09 16:07:53,2024-08-09,2024-08-09 00:00:00,2024-08-09,2024-08-09 23:00:00,24,24,True,True,0.95,True,0.0564340149164701,811.8561536567422,0.7916666666666666,True,510899004362517479,91f6debfe56743ddb1657b03ca584ba6,PGAE
174,LinearRegressionModel,2024-08-09 16:09:18,2024-08-09,2024-08-09 00:00:00,2024-08-09,2024-08-09 23:00:00,24,24,True,True,0.95,True,0.0445281461384177,804.5725138469904,1.0,True,867182467683476879,60929ae60ffb4a84a87b390e20605f26,SCE
175,LinearRegressionModel,2024-08-09 16:10:11,2024-08-09,2024-08-09 00:00:00,2024-08-09,2024-08-09 23:00:00,24,24,True,True,0.95,True,0.0180497404347517,56.75926523433508,1.0,True,300771176027638463,b791968e4a9c455ebe360dbf31831ab2,SDGE
176,LinearRegressionModel,2024-08-09 16:10:52,2024-08-09,2024-08-09 00:00:00,2024-08-09,2024-08-09 23:00:00,24,24,True,True,0.95,True,0.056307452346083,13.153961836270314,0.875,True,326264227004824010,b065c7b32fb6401baf888a314a51ff64,VEA
177,LinearRegressionModel,2024-08-10 08:07:47,2024-08-10,2024-08-10 00:00:00,2024-08-10,2024-08-10 23:00:00,24,24,True,True,0.95,True,0.056624030034976,905.9140978558262,0.6666666666666666,True,755940564577279191,5f12bfe09ebb49ce9a40c01f417de694,PGAE
178,LinearRegressionModel,2024-08-10 08:09:12,2024-08-10,2024-08-10 00:00:00,2024-08-10,2024-08-10 23:00:00,24,24,True,True,0.95,True,0.0412219374797185,734.016784250992,0.9583333333333334,True,263738904240900147,39da85acd8ce430499ae7428f56e1bad,SCE
179,LinearRegressionModel,2024-08-10 08:10:05,2024-08-10,2024-08-10 00:00:00,2024-08-10,2024-08-10 23:00:00,24,24,True,True,0.95,True,0.0783880938144353,199.31624777793616,0.9583333333333334,True,188837573298582082,3ca7451568384326968ff7a5d84d5fda,SDGE
180,LinearRegressionModel,2024-08-10 08:10:46,2024-08-10,2024-08-10 00:00:00,2024-08-10,2024-08-10 23:00:00,24,24,True,True,0.95,True,0.0499466288200353,9.711019179509789,0.9166666666666666,True,456602413055986827,3b774171e556439aa79f10ea11d0e4bf,VEA
181,LinearRegressionModel,2024-08-11 08:07:54,2024-08-11,2024-08-11 00:00:00,2024-08-11,2024-08-11 23:00:00,24,24,True,True,0.95,True,0.0431622467830702,670.8999683641241,0.7916666666666666,True,360268926595472606,3dc74c91e7324031a41adc16df795d55,PGAE
182,LinearRegressionModel,2024-08-11 08:09:19,2024-08-11,2024-08-11 00:00:00,2024-08-11,2024-08-11 23:00:00,24,24,True,True,0.95,True,0.0418476204400786,672.9229606194255,1.0,True,484236279882205880,8e2dcd823f3a4e8eb09a7a7da0bd8c23,SCE
183,LinearRegressionModel,2024-08-11 08:10:12,2024-08-11,2024-08-11 00:00:00,2024-08-11,2024-08-11 23:00:00,24,24,True,True,0.95,True,0.0601400646571731,185.13689491799963,1.0,True,474724891261840641,6acecba2e43541d78bd598d52b4f7b37,SDGE
184,LinearRegressionModel,2024-08-11 08:10:54,2024-08-11,2024-08-11 00:00:00,2024-08-11,2024-08-11 23:00:00,24,24,True,True,0.95,True,0.0795671448865008,12.495182350317837,0.9583333333333334,True,497944697433033041,b5b2ee0d392641d5a5ed761862c6c96d,VEA
185,LinearRegressionModel,2024-08-12 08:08:54,2024-08-12,2024-08-12 00:00:00,2024-08-12,2024-08-12 23:00:00,24,24,True,True,0.95,True,0.0592039356753301,875.3290552203324,0.75,True,118097984654106937,a45ae0e678174184865cc80f9fed0907,PGAE
186,LinearRegressionModel,2024-08-12 08:10:19,2024-08-12,2024-08-12 00:00:00,2024-08-12,2024-08-12 23:00:00,24,24,True,True,0.95,True,0.077875390420726,1688.202932232164,0.5833333333333334,True,781930793962055752,6f805b8c8cc44b7cbc15295a2c2fed1e,SCE
187,LinearRegressionModel,2024-08-12 08:11:11,2024-08-12,2024-08-12 00:00:00,2024-08-12,2024-08-12 23:00:00,24,24,True,True,0.95,True,0.0859295834528819,274.83656824557096,0.8333333333333334,True,655241418059537404,efc9d8383e584012bb44d426a5341e80,SDGE
188,LinearRegressionModel,2024-08-12 08:11:52,2024-08-12,2024-08-12 00:00:00,2024-08-12,2024-08-12 23:00:00,24,24,True,True,0.95,True,0.0465030592165546,13.493332321042898,1.0,True,465448175788092765,533446b02c3b41a08352cae2b4fb682d,VEA
189,LinearRegressionModel,2024-08-13 08:08:37,2024-08-13,2024-08-13 00:00:00,2024-08-13,2024-08-13 23:00:00,24,24,True,True,0.95,True,0.0623671781189833,860.8589145623612,0.75,True,279420819301508777,735c0d7ef23b4ab9aaca70017e32cb2e,PGAE
190,LinearRegressionModel,2024-08-13 08:10:02,2024-08-13,2024-08-13 00:00:00,2024-08-13,2024-08-13 23:00:00,24,24,True,True,0.95,True,0.0349851308123094,581.8842645530389,1.0,True,139636036256392256,04a43742aacd493fad9c15ab2bbca670,SCE
191,LinearRegressionModel,2024-08-13 08:10:55,2024-08-13,2024-08-13 00:00:00,2024-08-13,2024-08-13 23:00:00,24,24,True,True,0.95,True,0.0501006718625111,247.125196292832,0.8333333333333334,True,825410931511337279,6b04cd1ee2184618bb226a0586bdaba0,SDGE
192,LinearRegressionModel,2024-08-13 08:11:36,2024-08-13,2024-08-13 00:00:00,2024-08-13,2024-08-13 23:00:00,24,24,True,True,0.95,True,0.0531578405692685,8.590958310112603,1.0,True,663232323921924491,87f5cebae6fd4cabb3d1d359fdf89c33,VEA
193,LinearRegressionModel,2024-08-14 12:10:16,2024-08-14,2024-08-14 00:00:00,2024-08-14,2024-08-14 23:00:00,24,24,True,True,0.95,True,0.0260855019136651,483.76238632655776,0.9166666666666666,True,520730060232269808,e61c479e193e4c758899ea459388561e,PGAE
194,LinearRegressionModel,2024-08-14 12:11:41,2024-08-14,2024-08-14 00:00:00,2024-08-14,2024-08-14 23:00:00,24,24,True,True,0.95,True,0.0333442514680835,567.1682839594218,0.9583333333333334,True,578811103423536239,46a9af8249064d7da249fec9c9bfd0ff,SCE
195,LinearRegressionModel,2024-08-14 12:12:33,2024-08-14,2024-08-14 00:00:00,2024-08-14,2024-08-14 23:00:00,24,24,True,True,0.95,True,0.0680011312225953,197.7206624918536,0.9583333333333334,True,739810932087049814,b3a853ecd7e74e158c489b5e7572a4fe,SDGE
196,LinearRegressionModel,2024-08-14 12:13:15,2024-08-14,2024-08-14 00:00:00,2024-08-14,2024-08-14 23:00:00,24,24,True,True,0.95,True,0.0803984111843806,9.201269746188316,1.0,True,985784852520688527,26d8d8522a764510b3ee7b241395864d,VEA
197,LinearRegressionModel,2024-08-15 08:08:31,2024-08-15,2024-08-15 00:00:00,2024-08-15,2024-08-15 23:00:00,24,24,True,True,0.95,True,0.0308143568462205,438.5764011296138,1.0,True,136075565368518006,f53866fd92b94ec6a1ae2ca3c7cddd08,PGAE
198,LinearRegressionModel,2024-08-15 08:09:57,2024-08-15,2024-08-15 00:00:00,2024-08-15,2024-08-15 23:00:00,24,24,True,True,0.95,True,0.0360078973250438,620.4310715492438,0.9583333333333334,True,771425966946062713,ad3c98b5ef1d47289e12d3d974da3cea,SCE
199,LinearRegressionModel,2024-08-15 08:10:50,2024-08-15,2024-08-15 00:00:00,2024-08-15,2024-08-15 23:00:00,24,24,True,True,0.95,True,0.0398705801166782,109.44724086878811,1.0,True,215276026619329586,33d735abb61a4bedae31bd559d6fb8d4,SDGE
200,LinearRegressionModel,2024-08-15 08:11:31,2024-08-15,2024-08-15 00:00:00,2024-08-15,2024-08-15 23:00:00,24,24,True,True,0.95,True,0.0867551360212485,12.372180528749618,0.9583333333333334,True,684431310257410319,49036507ffa34af288abbeb4105131c2,VEA
201,LinearRegressionModel,2024-08-16 08:09:20,2024-08-16,2024-08-16 00:00:00,2024-08-16,2024-08-16 23:00:00,24,24,True,True,0.95,True,0.0229572007264051,353.70860390298395,1.0,True,629830706624734015,35f0891b3c3a4bae8e4ac80dad3843ac,PGAE
202,LinearRegressionModel,2024-08-16 08:10:45,2024-08-16,2024-08-16 00:00:00,2024-08-16,2024-08-16 23:00:00,24,24,True,True,0.95,True,0.0404224231650342,756.8887272221823,0.9583333333333334,True,398792933921120701,b5847d6735bd4929b8360ab250ec5d34,SCE
203,LinearRegressionModel,2024-08-16 08:11:38,2024-08-16,2024-08-16 00:00:00,2024-08-16,2024-08-16 23:00:00,24,24,True,True,0.95,True,0.0415456794042837,121.35992979410558,1.0,True,798038713901847913,68f04584de0a4ac7bf900b78981fba7f,SDGE
204,LinearRegressionModel,2024-08-16 08:12:19,2024-08-16,2024-08-16 00:00:00,2024-08-16,2024-08-16 23:00:00,24,24,True,True,0.95,True,0.0550871489930773,6.930301743761207,1.0,True,410192635120840338,40a73aa36eeb4b0186ca4adb1a2e60bc,VEA
205,LinearRegressionModel,2024-08-17 08:08:21,2024-08-17,2024-08-17 00:00:00,2024-08-17,2024-08-17 23:00:00,24,24,True,True,0.95,True,0.0618580505691513,898.5822084428839,0.6666666666666666,True,267500178467615791,2180b299a94e44a6bde09d1ae9f13bcd,PGAE
206,LinearRegressionModel,2024-08-17 08:09:46,2024-08-17,2024-08-17 00:00:00,2024-08-17,2024-08-17 23:00:00,24,24,True,True,0.95,True,0.0569331038842898,1230.2247558973966,0.7083333333333334,True,721409801001172155,6c623d3890494bbf98e79fc871312830,SCE
207,LinearRegressionModel,2024-08-17 08:10:39,2024-08-17,2024-08-17 00:00:00,2024-08-17,2024-08-17 23:00:00,24,24,True,True,0.95,True,0.0799476884495366,202.6585333833062,0.9166666666666666,True,474617046971816212,4e5f435752004f3b8cea61caba26dc3f,SDGE
208,LinearRegressionModel,2024-08-17 08:11:20,2024-08-17,2024-08-17 00:00:00,2024-08-17,2024-08-17 23:00:00,24,24,True,True,0.95,True,0.1045176509234549,18.698180081639386,0.8333333333333334,True,828104983972503635,cde5de2a6ea84d7283ddbc97e7b8c855,VEA
209,LinearRegressionModel,2024-08-18 08:08:05,2024-08-18,2024-08-18 00:00:00,2024-08-18,2024-08-18 23:00:00,24,24,True,True,0.95,True,0.0536558734492256,738.8028457115905,0.7916666666666666,True,118558145622491448,dc8701e971be4be1a65db7a2583df9e6,PGAE
210,LinearRegressionModel,2024-08-18 08:09:30,2024-08-18,2024-08-18 00:00:00,2024-08-18,2024-08-18 23:00:00,24,24,True,True,0.95,True,0.0189047102622729,331.2835420592363,1.0,True,465696834721097652,ef68d38009734e2fbe59461c7832c050,SCE
211,LinearRegressionModel,2024-08-18 08:10:23,2024-08-18,2024-08-18 00:00:00,2024-08-18,2024-08-18 23:00:00,24,24,True,True,0.95,True,0.1017271368122138,259.63824613272953,0.8333333333333334,True,102624791418606315,0ec6d8530e5f417d92a71d3cc08aa4b7,SDGE
212,LinearRegressionModel,2024-08-18 08:11:04,2024-08-18,2024-08-18 00:00:00,2024-08-18,2024-08-18 23:00:00,24,24,True,True,0.95,True,0.0872689058352146,13.621928164823403,1.0,True,552733267758252117,92cc89eacd7b4cb2826e049f5355f945,VEA
213,LinearRegressionModel,2024-08-19 08:09:18,2024-08-19,2024-08-19 00:00:00,2024-08-19,2024-08-19 23:00:00,24,24,True,True,0.95,True,0.0985558296914339,1252.9259585909538,0.375,True,760785695297205637,829eb5cb23924934afbb49a3d2ba8e86,PGAE
214,LinearRegressionModel,2024-08-19 08:10:44,2024-08-19,2024-08-19 00:00:00,2024-08-19,2024-08-19 23:00:00,24,24,True,True,0.95,True,0.090187499839962,1854.984181326436,0.625,True,379181874329378003,36b93f25df3b415fb522a43f41c39131,SCE
215,LinearRegressionModel,2024-08-19 08:11:40,2024-08-19,2024-08-19 00:00:00,2024-08-19,2024-08-19 23:00:00,24,24,True,True,0.95,True,0.0707474042853704,229.00303725692623,0.9166666666666666,True,152010311150292392,d99c05d5b6b34d87b002fc9eec4fb808,SDGE
216,LinearRegressionModel,2024-08-19 08:12:21,2024-08-19,2024-08-19 00:00:00,2024-08-19,2024-08-19 23:00:00,24,24,True,True,0.95,True,0.0596050088886403,14.10129746499277,0.9166666666666666,True,727781469326591014,87977e994bfa4c77ab1b533f8d833a37,VEA
217,LinearRegressionModel,2024-08-20 08:09:23,2024-08-20,2024-08-20 00:00:00,2024-08-20,2024-08-20 23:00:00,24,24,True,True,0.95,True,0.0566276334118695,746.0554425655762,0.9166666666666666,True,643812305427921229,bf1b93eac4db400faee49b30ce469ccf,PGAE
218,LinearRegressionModel,2024-08-20 08:10:48,2024-08-20,2024-08-20 00:00:00,2024-08-20,2024-08-20 23:00:00,24,24,True,True,0.95,True,0.0361754463346376,599.7401104565963,0.9583333333333334,True,393803541915455623,51ce1c3d1d074e74970ec326b1c610a8,SCE
219,LinearRegressionModel,2024-08-20 08:11:42,2024-08-20,2024-08-20 00:00:00,2024-08-20,2024-08-20 23:00:00,24,24,True,True,0.95,True,0.0886399663941497,287.5516805758235,0.75,True,654251860427733040,c300d4cfb0374684b13f62b437e5cbe1,SDGE
220,LinearRegressionModel,2024-08-20 08:12:23,2024-08-20,2024-08-20 00:00:00,2024-08-20,2024-08-20 23:00:00,24,24,True,True,0.95,True,0.0812185636410528,10.9875158741777,1.0,True,953174602228663654,e6fc3bb3309241a497d3e6936c088f35,VEA
221,LinearRegressionModel,2024-08-21 08:09:02,2024-08-21,2024-08-21 00:00:00,2024-08-21,2024-08-21 23:00:00,24,24,True,True,0.95,True,0.0267986102730188,419.78887378291705,1.0,True,530644952982577358,9bbfe3fc00334ce8b9677f9aea800a84,PGAE
222,LinearRegressionModel,2024-08-21 08:10:27,2024-08-21,2024-08-21 00:00:00,2024-08-21,2024-08-21 23:00:00,24,24,True,True,0.95,True,0.0429863380357955,748.8063080294974,0.9583333333333334,True,745997118737471975,d9f6583317534d499786b5bc7b241f0e,SCE
223,LinearRegressionModel,2024-08-21 08:11:19,2024-08-21,2024-08-21 00:00:00,2024-08-21,2024-08-21 23:00:00,24,24,True,True,0.95,True,0.0564378849040796,210.44610182407607,0.7916666666666666,True,554521216265295930,c7b96ad06b4a498599c71dbbf0a3b911,SDGE
224,LinearRegressionModel,2024-08-21 08:12:01,2024-08-21,2024-08-21 00:00:00,2024-08-21,2024-08-21 23:00:00,24,24,True,True,0.95,True,0.0659917517186074,13.352874351989202,0.9166666666666666,True,668228980331460862,e955b03262044c4d98be4da1342005b5,VEA
225,LinearRegressionModel,2024-08-22 08:08:32,2024-08-22,2024-08-22 00:00:00,2024-08-22,2024-08-22 23:00:00,24,24,True,True,0.95,True,0.0210350971473482,426.4568697298946,0.9166666666666666,True,522035851693820219,50f2912bc39f4799973c408142005600,PGAE
226,LinearRegressionModel,2024-08-22 08:09:57,2024-08-22,2024-08-22 00:00:00,2024-08-22,2024-08-22 23:00:00,24,24,True,True,0.95,True,0.023970422965634,540.4670748269227,1.0,True,296455417048240422,a596c7178d2742abba0146672a005729,SCE
227,LinearRegressionModel,2024-08-22 08:10:50,2024-08-22,2024-08-22 00:00:00,2024-08-22,2024-08-22 23:00:00,24,24,True,True,0.95,True,0.0332317210107183,100.13070260018904,1.0,True,562659379523204370,ff6566f184934602a0d8bc25a5d5a010,SDGE
228,LinearRegressionModel,2024-08-22 08:11:31,2024-08-22,2024-08-22 00:00:00,2024-08-22,2024-08-22 23:00:00,24,24,True,True,0.95,True,0.0781691069209876,19.71070552227929,0.875,True,137647799570643338,3c89d35f48fe4c86be65d03e77e16547,VEA
229,LinearRegressionModel,2024-08-23 08:09:17,2024-08-23,2024-08-23 00:00:00,2024-08-23,2024-08-23 23:00:00,24,24,True,True,0.95,True,0.0153319714330408,245.91716218638936,1.0,True,449484059527654568,ee273cea806743de9ae645d110022acd,PGAE
230,LinearRegressionModel,2024-08-23 08:10:43,2024-08-23,2024-08-23 00:00:00,2024-08-23,2024-08-23 23:00:00,24,24,True,True,0.95,False,0.016534104813039206,328.30502058584426,1.0,True,439312774038023520,4906176b342e4385bd11a774ec938272,SCE
231,LinearRegressionModel,2024-08-23 08:11:36,2024-08-23,2024-08-23 00:00:00,2024-08-23,2024-08-23 23:00:00,24,24,True,True,0.95,True,0.0591638442074611,172.6343146201476,1.0,True,139439408670150976,af8eb9130ae44599aa9c8800c26e16cf,SDGE
232,LinearRegressionModel,2024-08-23 08:12:17,2024-08-23,2024-08-23 00:00:00,2024-08-23,2024-08-23 23:00:00,24,24,True,True,0.95,True,0.1253906677778655,20.17092592250515,1.0,True,798473674723736680,c2d07961b70f46d79b3a9dfe9a7487ed,VEA
233,LinearRegressionModel,2024-08-24 08:07:47,2024-08-24,2024-08-24 00:00:00,2024-08-24,2024-08-24 23:00:00,24,24,True,True,0.95,True,0.1027869106584043,1219.01225016249,0.2916666666666667,True,452113643102389385,c31520ee66b4498b89fc2a67c9fd9e73,PGAE
234,LinearRegressionModel,2024-08-24 08:08:39,2024-08-24,2024-08-24 00:00:00,2024-08-24,2024-08-24 23:00:00,24,24,True,True,0.95,True,0.1233329623152704,275.72285389375,0.9166666666666666,True,933526186878959541,e04ce63955ba4b41b207351bc62f9c23,SDGE
235,LinearRegressionModel,2024-08-24 08:09:21,2024-08-24,2024-08-24 00:00:00,2024-08-24,2024-08-24 23:00:00,24,24,True,True,0.95,True,0.1142601905409899,12.4205120525064,1.0,True,719382446183938372,fc2b6288e6144b08a93b58995cea1f7f,VEA
236,LinearRegressionModel,2024-08-25 08:08:04,2024-08-25,2024-08-25 00:00:00,2024-08-25,2024-08-25 23:00:00,24,24,True,True,0.95,True,0.0606387691049514,789.5929465452632,0.7916666666666666,True,625219267236023919,c36e73d8fd374a09950e958d4155cf48,PGAE
237,LinearRegressionModel,2024-08-25 08:08:57,2024-08-25,2024-08-25 00:00:00,2024-08-25,2024-08-25 23:00:00,24,24,True,True,0.95,True,0.0685472602810592,152.88086550829294,1.0,True,647080522984843818,4c91e9a350d84566b5add0b461694992,SDGE
238,LinearRegressionModel,2024-08-25 08:09:38,2024-08-25,2024-08-25 00:00:00,2024-08-25,2024-08-25 23:00:00,24,24,True,True,0.95,True,0.1097303361628988,18.835342566484307,1.0,True,222706120063737597,36bdafd6da724b56ba3c18ace9742e62,VEA
239,LinearRegressionModel,2024-08-26 20:08:16,2024-08-26,2024-08-26 00:00:00,2024-08-26,2024-08-26 23:00:00,24,24,True,True,0.95,False,0.11702703306023718,1521.8372774300312,0.125,True,749176185397196206,3fde194201244cc9a215770a75014058,PGAE
240,LinearRegressionModel,2024-08-26 20:09:08,2024-08-26,2024-08-26 00:00:00,2024-08-26,2024-08-26 23:00:00,24,24,True,True,0.95,True,0.0895293855181343,231.917866105886,1.0,True,632063563634801583,d59116e54e7c499bbec7bf8314ab7ac8,SDGE
241,LinearRegressionModel,2024-08-26 20:09:50,2024-08-26,2024-08-26 00:00:00,2024-08-26,2024-08-26 23:00:00,24,24,True,True,0.95,True,0.0805726577005594,16.514171398183162,0.9166666666666666,True,792673318070873004,cdbdcb3000ec44449f06437ea3dec771,VEA
242,LinearRegressionModel,2024-08-27 16:07:16,2024-08-27,2024-08-27 00:00:00,2024-08-27,2024-08-27 23:00:00,24,24,True,True,0.95,True,0.0779263889896287,218.42872116273523,0.875,True,430747619188306516,870b5aa50f8541d9931f91ae4e80f56f,SDGE
243,LinearRegressionModel,2024-08-27 16:07:58,2024-08-27,2024-08-27 00:00:00,2024-08-27,2024-08-27 23:00:00,24,24,True,True,0.95,True,0.0838106864712147,11.83669625768525,0.9583333333333334,True,667993315534043517,74e431df502642afac02d0742b9d4753,VEA
244,LinearRegressionModel,2024-08-28 08:08:17,2024-08-28,2024-08-28 00:00:00,2024-08-28,2024-08-28 23:00:00,24,24,True,True,0.95,True,0.0610286307860174,197.22594917726707,0.7916666666666666,True,132823826835031253,63d72778b9b54d3ea5821904d62b3f31,SDGE
245,LinearRegressionModel,2024-08-28 08:08:59,2024-08-28,2024-08-28 00:00:00,2024-08-28,2024-08-28 23:00:00,24,24,True,True,0.95,True,0.0552379608287255,12.209154339354797,0.9583333333333334,True,809942637133669922,50bcc1ea36f04eb1a0222616f967b57c,VEA
246,LinearRegressionModel,2024-08-29 08:08:13,2024-08-29,2024-08-29 00:00:00,2024-08-29,2024-08-29 23:00:00,24,24,True,True,0.95,True,0.0550495744801616,158.928787508574,0.9583333333333334,True,419400182007850758,b54a4cf07997463f988dc44f6b27e842,SDGE
247,LinearRegressionModel,2024-08-29 08:08:54,2024-08-29,2024-08-29 00:00:00,2024-08-29,2024-08-29 23:00:00,24,24,True,True,0.95,True,0.0586690724789097,13.38275391984043,0.9166666666666666,True,907172197413290443,bc9669b060cc49f8a9c685b5f5223164,VEA
248,LinearRegressionModel,2024-08-30 08:08:31,2024-08-30,2024-08-30 00:00:00,2024-08-30,2024-08-30 23:00:00,24,24,True,True,0.95,True,0.0540767876401021,147.04668203247485,0.9583333333333334,True,373143447534427957,0beb8ce4aa974004bdafe1fc290dd589,SDGE
249,LinearRegressionModel,2024-08-30 08:09:12,2024-08-30,2024-08-30 00:00:00,2024-08-30,2024-08-30 23:00:00,24,24,True,True,0.95,True,0.0580802895859482,11.44997518437215,0.9583333333333334,True,962089681562773620,55ce8c601d104ad0a95f580affe80e7d,VEA
250,LinearRegressionModel,2024-08-31 08:07:33,2024-08-31,2024-08-31 00:00:00,2024-08-31,2024-08-31 23:00:00,24,24,True,True,0.95,True,0.0956580286124987,245.474335207362,0.8333333333333334,True,487345994791841120,d5ec74f7999c4a01947b84d3720f34bc,SDGE
251,LinearRegressionModel,2024-08-31 08:08:14,2024-08-31,2024-08-31 00:00:00,2024-08-31,2024-08-31 23:00:00,24,24,True,True,0.95,True,0.102153367200964,18.82299193920545,0.875,True,275288590428943351,ae03ab8ccf3741f2abfcd3d54055457c,VEA
252,LinearRegressionModel,2024-09-01 08:07:48,2024-09-01,2024-09-01 00:00:00,2024-09-01,2024-09-01 23:00:00,24,24,True,True,0.95,True,0.0438771712503534,125.1404276726859,1.0,True,899322529689716438,2870f649a2194e5d86a8fff4e72b37ba,SDGE
253,LinearRegressionModel,2024-09-01 08:08:29,2024-09-01,2024-09-01 00:00:00,2024-09-01,2024-09-01 23:00:00,24,24,True,True,0.95,True,0.086654931567783,16.64184003589959,0.9166666666666666,True,313034837080838813,86254d47af9341d09d2a0a99ebf81d67,VEA
254,LinearRegressionModel,2024-09-02 08:08:47,2024-09-02,2024-09-02 00:00:00,2024-09-02,2024-09-02 23:00:00,24,24,True,True,0.95,True,0.0305868514075674,92.25223281244888,1.0,True,520582462754232017,80db54f316c24d3893b3677e373372bd,SDGE
255,LinearRegressionModel,2024-09-02 08:09:29,2024-09-02,2024-09-02 00:00:00,2024-09-02,2024-09-02 23:00:00,24,24,True,True,0.95,True,0.0418812027905117,8.042950526599332,0.9583333333333334,True,396831241784979112,405aca4d3a4e498cad981d662a2e54fa,VEA
256,LinearRegressionModel,2024-09-03 08:08:29,2024-09-03,2024-09-03 00:00:00,2024-09-03,2024-09-03 23:00:00,24,24,True,True,0.95,True,0.1011804382202585,315.30648804417325,0.7916666666666666,True,630958719529517853,a607f85dbee24fe39db64f805c90e344,SDGE
257,LinearRegressionModel,2024-09-03 08:09:10,2024-09-03,2024-09-03 00:00:00,2024-09-03,2024-09-03 23:00:00,24,24,True,True,0.95,True,0.089245886709807,15.882150791649291,0.875,True,891893704183873088,1a1009c7695042f985b1cf897ddb9255,VEA
258,LinearRegressionModel,2024-09-04 08:07:42,2024-09-04,2024-09-04 00:00:00,2024-09-04,2024-09-04 23:00:00,24,24,True,True,0.95,True,0.1149510213434073,355.0322292934058,0.7083333333333334,True,277732990429669965,53fd0d79a32845a582214e5f90c5ab3e,SDGE
259,LinearRegressionModel,2024-09-04 08:08:24,2024-09-04,2024-09-04 00:00:00,2024-09-04,2024-09-04 23:00:00,24,24,True,True,0.95,True,0.0512976311595603,11.814349149472234,0.9166666666666666,True,745157676489167314,394ab7f88bd04012a061af6745c413a5,VEA
260,LinearRegressionModel,2024-09-05 08:08:21,2024-09-05,2024-09-05 00:00:00,2024-09-05,2024-09-05 23:00:00,24,24,True,True,0.95,True,0.1210814796316252,487.7809289395115,0.5416666666666666,True,123704608151905836,5cd5837bb7e8464a97f9227038c0897a,SDGE
261,LinearRegressionModel,2024-09-05 08:09:02,2024-09-05,2024-09-05 00:00:00,2024-09-05,2024-09-05 23:00:00,24,24,True,True,0.95,True,0.053436600006883,10.511567222914351,0.9583333333333334,True,658982007728671152,9796a2e23a0b4f4ab13bd01825cbe9a3,VEA
262,LinearRegressionModel,2024-09-06 08:08:21,2024-09-06,2024-09-06 00:00:00,2024-09-06,2024-09-06 23:00:00,24,24,True,True,0.95,True,0.1734621035827259,664.1690874575395,0.3333333333333333,True,963149455406875288,2348239c866a48cb8f7e878d115a6fcf,SDGE
263,LinearRegressionModel,2024-09-06 08:09:03,2024-09-06,2024-09-06 00:00:00,2024-09-06,2024-09-06 23:00:00,24,24,True,True,0.95,True,0.0776285299984457,17.724071519493144,1.0,True,524208005504185080,cf1a79a999bc4580b60bd30bbc5f66b3,VEA
264,LinearRegressionModel,2024-09-07 08:07:36,2024-09-07,2024-09-07 00:00:00,2024-09-07,2024-09-07 23:00:00,24,24,True,True,0.95,True,0.0663814039249405,269.7609491713392,0.875,True,932047194558112861,b367ec9a1b204fc59ed516fffa99c3ee,SDGE
265,LinearRegressionModel,2024-09-07 08:08:18,2024-09-07,2024-09-07 00:00:00,2024-09-07,2024-09-07 23:00:00,24,24,True,True,0.95,True,0.0860091157989136,18.43076005144334,1.0,True,689935084461907697,ff415fd78edb4d6a9adf86656fcad219,VEA
266,LinearRegressionModel,2024-09-08 08:07:31,2024-09-08,2024-09-08 00:00:00,2024-09-08,2024-09-08 23:00:00,24,24,True,True,0.95,True,0.1581928082402701,590.137742015737,0.3333333333333333,True,421991344537514549,e3ceb62725554282a6b0128a425c5d9f,SDGE
267,LinearRegressionModel,2024-09-08 08:08:13,2024-09-08,2024-09-08 00:00:00,2024-09-08,2024-09-08 23:00:00,24,24,True,True,0.95,True,0.0986921003727559,25.60880501050336,0.8333333333333334,True,605836828342833443,9e25afd7288648a4999230783f4e87c2,VEA
268,LinearRegressionModel,2024-09-09 08:09:24,2024-09-09,2024-09-09 00:00:00,2024-09-09,2024-09-09 23:00:00,24,24,True,True,0.95,True,0.160338729833923,633.4136203718878,0.2916666666666667,True,289370078976908123,425b4f09105246f094a4b119934188d3,SDGE
269,LinearRegressionModel,2024-09-09 08:10:06,2024-09-09,2024-09-09 00:00:00,2024-09-09,2024-09-09 23:00:00,24,24,True,True,0.95,True,0.0658436473271474,12.3130520883871,0.875,True,655401632666080720,21f95c69a250432b8a72c0481b5d8d57,VEA
270,LinearRegressionModel,2024-09-10 08:08:32,2024-09-10,2024-09-10 00:00:00,2024-09-10,2024-09-10 23:00:00,24,24,True,True,0.95,True,0.0809419505556591,316.309555638976,0.75,True,931303324497058727,cb52c160faaf4cf78df895481e6e3c99,SDGE
271,LinearRegressionModel,2024-09-10 08:09:14,2024-09-10,2024-09-10 00:00:00,2024-09-10,2024-09-10 23:00:00,24,24,True,True,0.95,True,0.0569560613625425,14.103852643608636,0.9583333333333334,True,522264430236337867,e2b66ccce07141fd8c7647b906a4fce0,VEA
272,LinearRegressionModel,2024-09-11 08:08:15,2024-09-11,2024-09-11 00:00:00,2024-09-11,2024-09-11 23:00:00,24,24,True,True,0.95,True,0.1446644926024529,424.4823248635561,0.75,True,889630892231935334,425818bd18ca489ab4cf2b9f3bbcea27,SDGE
273,LinearRegressionModel,2024-09-11 08:08:56,2024-09-11,2024-09-11 00:00:00,2024-09-11,2024-09-11 23:00:00,24,24,True,True,0.95,True,0.0352471728672799,7.116245449913524,0.9583333333333334,True,296042279142043736,1c0dc05ed8394f5badfc20b646ec4c95,VEA
274,LinearRegressionModel,2024-09-12 08:08:14,2024-09-12,2024-09-12 00:00:00,2024-09-12,2024-09-12 23:00:00,24,24,True,True,0.95,True,0.2367115534784755,602.6527143161234,0.4583333333333333,True,234422578268924950,e7a37fb1d6e34e4b8628725b8c77060f,SDGE
275,LinearRegressionModel,2024-09-12 08:08:53,2024-09-12,2024-09-12 00:00:00,2024-09-12,2024-09-12 23:00:00,24,24,True,True,0.95,True,0.1211720107562843,20.9507436213602,0.9166666666666666,True,469590870897853271,e2415218bb2749c6836213fe8e5d4f6d,VEA
276,LinearRegressionModel,2024-09-13 08:08:23,2024-09-13,2024-09-13 00:00:00,2024-09-13,2024-09-13 23:00:00,24,24,True,True,0.95,True,0.1102782782796504,290.0308538619991,0.75,True,986651473538821969,5a651d719d324b069e056b278ffcc3fc,SDGE
277,LinearRegressionModel,2024-09-13 08:09:05,2024-09-13,2024-09-13 00:00:00,2024-09-13,2024-09-13 23:00:00,24,24,True,True,0.95,True,0.1242347952892725,19.0955675928332,0.9583333333333334,True,460863319168967092,35dd1256745a4c67bb8a5e477ed6637c,VEA
278,LinearRegressionModel,2024-09-14 08:08:26,2024-09-14,2024-09-14 00:00:00,2024-09-14,2024-09-14 23:00:00,24,24,True,True,0.95,True,0.142209058146215,312.88850572303005,0.7083333333333334,True,700879345818901017,1c76dac5d71e4e2698e1a2efe9cc9f08,SDGE
279,LinearRegressionModel,2024-09-14 08:09:08,2024-09-14,2024-09-14 00:00:00,2024-09-14,2024-09-14 23:00:00,24,24,True,True,0.95,True,0.0673080707811998,14.577858891722444,0.9166666666666666,True,913344936706915599,00704bf7ad944d4b99a5105231d82ac9,VEA
280,LinearRegressionModel,2024-09-15 08:07:36,2024-09-15,2024-09-15 00:00:00,2024-09-15,2024-09-15 23:00:00,24,24,True,True,0.95,True,0.1058854844359938,283.0681354435747,0.75,True,421516434946725595,576e63774ae04e6fa0686cc2538d87f5,SDGE
281,LinearRegressionModel,2024-09-15 08:08:17,2024-09-15,2024-09-15 00:00:00,2024-09-15,2024-09-15 23:00:00,24,24,True,True,0.95,True,0.052529087073506,12.470142640443605,0.9583333333333334,True,956407199882649142,77b696fe2f1f423ab7c93422115b2893,VEA
282,LinearRegressionModel,2024-09-16 20:07:20,2024-09-16,2024-09-16 00:00:00,2024-09-16,2024-09-16 23:00:00,24,24,True,True,0.95,True,0.1877035211754112,448.0428479376518,0.375,True,370800202064671777,a395739a30ea4c20825c28ef3483a5c9,SDGE
283,LinearRegressionModel,2024-09-16 20:08:01,2024-09-16,2024-09-16 00:00:00,2024-09-16,2024-09-16 23:00:00,24,24,True,True,0.95,True,0.0769916510571126,13.777529561673228,1.0,True,237810119685564374,e850647ae2974e0b9879fb76ad7f101e,VEA
284,LinearRegressionModel,2024-09-17 08:08:15,2024-09-17,2024-09-17 00:00:00,2024-09-17,2024-09-17 23:00:00,24,24,True,True,0.95,True,0.1789050881449959,383.1720333419953,0.7083333333333334,True,484187678334857861,063eb39fb23c4900b5f36ab1ef413cb5,SDGE
285,LinearRegressionModel,2024-09-17 08:08:57,2024-09-17,2024-09-17 00:00:00,2024-09-17,2024-09-17 23:00:00,24,24,True,True,0.95,True,0.1896901453866608,16.252222753442325,1.0,True,133756321603425440,014ea71e19d14eae8937dbf08bcc5209,VEA
286,LinearRegressionModel,2024-09-18 08:08:30,2024-09-18,2024-09-18 00:00:00,2024-09-18,2024-09-18 23:00:00,24,24,True,True,0.95,True,0.0966279427140776,253.2128171789778,0.875,True,128439301333965202,8fae092c496948958bbde1f31db9656b,SDGE
287,LinearRegressionModel,2024-09-18 08:09:13,2024-09-18,2024-09-18 00:00:00,2024-09-18,2024-09-18 23:00:00,24,24,True,True,0.95,True,0.073478281495809,12.367999106187494,1.0,True,890010027556885406,25edceb8fd4c4e9f91fcf376ef909d31,VEA
288,LinearRegressionModel,2024-09-19 08:08:54,2024-09-19,2024-09-19 00:00:00,2024-09-19,2024-09-19 23:00:00,24,24,True,True,0.95,True,0.0358529788403252,91.95481046157352,1.0,True,230881554371868909,427220b87f664ad5811edf1bd6d3b5af,SDGE
289,LinearRegressionModel,2024-09-19 08:09:37,2024-09-19,2024-09-19 00:00:00,2024-09-19,2024-09-19 23:00:00,24,24,True,True,0.95,True,0.0976863354038266,23.54513000772308,0.9583333333333334,True,718618384568016590,c8f6e9ebf3c4440d9186f270f4b7a1f2,VEA
290,LinearRegressionModel,2024-09-20 08:08:41,2024-09-20,2024-09-20 00:00:00,2024-09-20,2024-09-20 23:00:00,24,24,True,True,0.95,True,0.0453081800528615,117.91816980631177,1.0,True,583378898351612623,e76f9ef7567a408d86b4f113cce63e21,SDGE
291,LinearRegressionModel,2024-09-20 08:09:23,2024-09-20,2024-09-20 00:00:00,2024-09-20,2024-09-20 23:00:00,24,24,True,True,0.95,True,0.1034108249942172,20.683428344602884,1.0,True,904650667111820671,08bbcf5d3e8649ec89c86bb081e3fafc,VEA
292,LinearRegressionModel,2024-09-21 08:07:44,2024-09-21,2024-09-21 00:00:00,2024-09-21,2024-09-21 23:00:00,24,24,True,True,0.95,True,0.1019621653697144,221.96151115971315,0.875,True,177077019426668697,cd0e2215cb0343dc8cacbac5231ab996,SDGE
293,LinearRegressionModel,2024-09-21 08:08:26,2024-09-21,2024-09-21 00:00:00,2024-09-21,2024-09-21 23:00:00,24,24,True,True,0.95,True,0.179460738009457,27.263308573889724,0.8333333333333334,True,977660278362703401,ae69ddc2341849ecb4af92f16035fc8b,VEA
294,LinearRegressionModel,2024-09-22 08:07:51,2024-09-22,2024-09-22 00:00:00,2024-09-22,2024-09-22 23:00:00,24,24,True,True,0.95,True,0.0847321887137845,189.9925448793734,0.9166666666666666,True,531232058634696847,9343d987c13c42038691379377b83d8c,SDGE
295,LinearRegressionModel,2024-09-22 08:08:33,2024-09-22,2024-09-22 00:00:00,2024-09-22,2024-09-22 23:00:00,24,24,True,True,0.95,True,inf,29.90843426202516,0.7083333333333334,True,360774415909252007,690365b650514556bc6bb52e8d97e582,VEA
296,LinearRegressionModel,2024-09-23 08:09:02,2024-09-23,2024-09-23 00:00:00,2024-09-23,2024-09-23 23:00:00,24,24,True,True,0.95,True,0.079378299974368,217.0957510301808,1.0,True,408965846722367469,0403387be1f1459abc86f6d078fc13e0,SDGE
297,LinearRegressionModel,2024-09-23 08:09:45,2024-09-23,2024-09-23 00:00:00,2024-09-23,2024-09-23 23:00:00,24,24,True,True,0.95,True,0.2196268944249626,33.27012683074828,0.8333333333333334,True,307018593983251379,6676a9b5f2b44bfdb37e26fd779730bf,VEA
298,LinearRegressionModel,2024-09-24 08:08:54,2024-09-24,2024-09-24 00:00:00,2024-09-24,2024-09-24 23:00:00,24,24,True,True,0.95,True,0.0573599354329815,165.76268211378908,1.0,True,366813920724158735,63d0f48b72d54bc5898644998e02a89a,SDGE
299,LinearRegressionModel,2024-09-24 08:09:36,2024-09-24,2024-09-24 00:00:00,2024-09-24,2024-09-24 23:00:00,24,24,True,True,0.95,True,0.1100096751503119,21.469929273393515,0.7916666666666666,True,168995939223311377,391556f6188f4a6385f8297e01317e7f,VEA
300,LinearRegressionModel,2024-09-25 08:08:36,2024-09-25,2024-09-25 00:00:00,2024-09-25,2024-09-25 23:00:00,24,24,True,True,0.95,True,0.0428213022871002,118.51057165007538,1.0,True,318442796767152429,34e21aafb3a04d8182c7848c99bb8dcf,SDGE
301,LinearRegressionModel,2024-09-25 08:09:18,2024-09-25,2024-09-25 00:00:00,2024-09-25,2024-09-25 23:00:00,24,24,True,True,0.95,True,0.0749850844843896,15.234496239818958,0.9166666666666666,True,702668574303471087,7e4ea1d4ae5e49c99ce79c1595341787,VEA
302,LinearRegressionModel,2024-09-26 08:08:35,2024-09-26,2024-09-26 00:00:00,2024-09-26,2024-09-26 23:00:00,24,24,True,True,0.95,True,0.0710691929377237,172.6030769857909,0.9583333333333334,True,196431795959745853,efa1d97faa3840fca5c006f85a8e3493,SDGE
303,LinearRegressionModel,2024-09-26 08:09:17,2024-09-26,2024-09-26 00:00:00,2024-09-26,2024-09-26 23:00:00,24,24,True,True,0.95,True,0.0582714105912563,13.981853963010463,0.9583333333333334,True,356115889314117897,9b56ea5fd79e4f0791ada932f9e6c094,VEA
304,LinearRegressionModel,2024-09-27 08:09:03,2024-09-27,2024-09-27 00:00:00,2024-09-27,2024-09-27 23:00:00,24,24,True,True,0.95,True,0.0343851942936503,94.89476106836432,1.0,True,701115241939599393,80c2ad057f9049079b48e8a2e0a5f86f,SDGE
305,LinearRegressionModel,2024-09-27 08:09:45,2024-09-27,2024-09-27 00:00:00,2024-09-27,2024-09-27 23:00:00,24,24,True,True,0.95,True,0.0543797721170163,12.401802793516746,0.9583333333333334,True,308049977703045688,e3180634762c429aaf27e8905e8cb5c2,VEA
306,LinearRegressionModel,2024-10-04 00:23:54,2024-10-03,2024-10-03 00:00:00,2024-10-03,2024-10-03 23:00:00,24,24,True,True,0.95,True,0.0516399815089482,149.17088218484332,1.0,True,479939972857080569,63142762369a4ff39e44cd3196144814,SDGE
307,LinearRegressionModel,2024-10-04 00:24:36,2024-10-03,2024-10-03 00:00:00,2024-10-03,2024-10-03 23:00:00,24,24,True,True,0.95,True,0.033497922946926,7.064329086548936,1.0,True,178613392408029507,ffa33e0cc2af435eb8fdb13c02773d3f,VEA
308,LinearRegressionModel,2024-10-04 16:08:48,2024-10-04,2024-10-04 00:00:00,2024-10-04,2024-10-04 23:00:00,24,24,True,True,0.95,True,0.0493777037242775,142.2887630379432,1.0,True,658713518435061438,65a16ff7d16d4168b343b62a85b0116c,SDGE
309,LinearRegressionModel,2024-10-04 16:09:30,2024-10-04,2024-10-04 00:00:00,2024-10-04,2024-10-04 23:00:00,24,24,True,True,0.95,True,0.0393983254745101,7.295233658607846,1.0,True,710377862569793911,311a7c35044f4843a6d711b88a37e2a6,VEA
310,LinearRegressionModel,2024-10-07 16:07:39,2024-10-07,2024-10-07 00:00:00,2024-10-07,2024-10-07 23:00:00,24,24,True,True,0.95,True,0.0847415465382399,212.0509180658645,1.0,True,921566517533888300,032d5dc507df4aeea462b6ae40add5de,SDGE
311,LinearRegressionModel,2024-10-07 16:08:22,2024-10-07,2024-10-07 00:00:00,2024-10-07,2024-10-07 23:00:00,24,24,True,True,0.95,True,0.0473898243287359,9.148091653138582,1.0,True,985049040154114280,5ea70e8650f24ecab5147cd0600cbca7,VEA
312,LinearRegressionModel,2024-10-08 16:07:49,2024-10-08,2024-10-08 00:00:00,2024-10-08,2024-10-08 23:00:00,24,24,True,True,0.95,True,0.063469983135437,210.17796720097303,0.875,True,680607438963617212,24d7da08b4b7421586e5dabdd864f217,SDGE
313,LinearRegressionModel,2024-10-08 16:08:31,2024-10-08,2024-10-08 00:00:00,2024-10-08,2024-10-08 23:00:00,24,24,True,True,0.95,True,0.0851629076400193,15.88940771639453,0.9166666666666666,True,543401156065709569,21b929025bfe427f877e971a5bce55d0,VEA
314,LinearRegressionModel,2024-10-09 16:07:42,2024-10-09,2024-10-09 00:00:00,2024-10-09,2024-10-09 23:00:00,24,24,True,True,0.95,True,0.0512252102356002,131.2159270984201,1.0,True,231184369902836110,596ae638c2ce42abbb1e74ef494aac6b,SDGE
315,LinearRegressionModel,2024-10-09 16:08:23,2024-10-09,2024-10-09 00:00:00,2024-10-09,2024-10-09 23:00:00,24,24,True,True,0.95,True,0.0761345017703558,9.646383788578785,0.9583333333333334,True,672939229268740044,aca905d3ef704556bd4e0dcc8abd2a41,VEA
316,LinearRegressionModel,2024-10-10 16:07:37,2024-10-10,2024-10-10 00:00:00,2024-10-10,2024-10-10 23:00:00,24,24,True,True,0.95,True,0.0580806624442912,149.8050859011695,1.0,True,446848150456720931,2f992a0303c141828a3939552d7b9c71,SDGE
317,LinearRegressionModel,2024-10-10 16:08:20,2024-10-10,2024-10-10 00:00:00,2024-10-10,2024-10-10 23:00:00,24,24,True,True,0.95,True,0.0836900230833027,16.063060006389904,1.0,True,521704039030789703,825ebac22e7c4c94b36cdc10803a9537,VEA
318,LinearRegressionModel,2024-10-11 16:07:40,2024-10-11,2024-10-11 00:00:00,2024-10-11,2024-10-11 23:00:00,24,24,True,True,0.95,True,0.0435602008535457,116.45420128748589,1.0,True,148774951443811796,f5d031723249404691664f10d4a8b96e,SDGE
319,LinearRegressionModel,2024-10-11 16:08:22,2024-10-11,2024-10-11 00:00:00,2024-10-11,2024-10-11 23:00:00,24,24,True,True,0.95,True,0.0639069517776883,14.088482235250108,0.9166666666666666,True,259113923797707354,d0dc25b1fbe948ef8deb29ac483d4985,VEA
320,LinearRegressionModel,2024-10-15 16:07:45,2024-10-15,2024-10-15 00:00:00,2024-10-15,2024-10-15 23:00:00,24,24,True,True,0.95,True,0.0672957960621653,218.06351235423227,0.9583333333333334,True,817466502641856526,38fa5dd7bb2f48b2bc651f9e90d5b242,SDGE
321,LinearRegressionModel,2024-10-15 16:08:27,2024-10-15,2024-10-15 00:00:00,2024-10-15,2024-10-15 23:00:00,24,24,True,True,0.95,True,0.0686155057043379,14.033000147726163,1.0,True,238508410811386733,f0fe7b0a3dfd4fe1b68c73afef62b552,VEA
322,LinearRegressionModel,2024-10-16 16:07:12,2024-10-16,2024-10-16 00:00:00,2024-10-16,2024-10-16 23:00:00,24,24,True,True,0.95,True,0.0588503027523142,219.95215753029376,1.0,True,679712442642017274,98bd9b2f11ff4d8aa1f7916ef15ea6ee,SDGE
323,LinearRegressionModel,2024-10-16 16:07:54,2024-10-16,2024-10-16 00:00:00,2024-10-16,2024-10-16 23:00:00,24,24,True,True,0.95,True,0.0642199746918188,17.61575858076594,0.9166666666666666,True,982702304545739095,681b4f0593ef442baa1298d43c8e28e6,VEA
324,LinearRegressionModel,2024-10-17 16:07:52,2024-10-17,2024-10-17 00:00:00,2024-10-17,2024-10-17 23:00:00,24,24,True,True,0.95,True,0.0432436141427755,126.4096120660276,1.0,True,114078421957379974,b02c3a7ea1f64eedb9cc82c445204953,SDGE
325,LinearRegressionModel,2024-10-17 16:08:34,2024-10-17,2024-10-17 00:00:00,2024-10-17,2024-10-17 23:00:00,24,24,True,True,0.95,True,0.0760229866010828,15.192621771970115,0.9583333333333334,True,486580971102405044,d322867690ca48ada16acd182778b145,VEA
326,LinearRegressionModel,2024-10-18 08:09:09,2024-10-18,2024-10-18 00:00:00,2024-10-18,2024-10-18 23:00:00,24,24,True,True,0.95,True,0.1176022687878032,289.2386355908605,0.7083333333333334,True,325015064980441233,29e232034d8548689d5c541f1cb40980,SDGE
327,LinearRegressionModel,2024-10-18 08:09:51,2024-10-18,2024-10-18 00:00:00,2024-10-18,2024-10-18 23:00:00,24,24,True,True,0.95,True,0.1618746135793485,23.182434965852067,0.9583333333333334,True,149487304049702451,58cb16d1689f4afdbcc86eac19d02759,VEA
328,LinearRegressionModel,2024-10-19 08:08:03,2024-10-19,2024-10-19 00:00:00,2024-10-19,2024-10-19 23:00:00,24,24,True,True,0.95,True,0.1020636764554241,211.6288582189856,0.9166666666666666,True,793527986404790491,54c7c712c3674bc38af444070e413d94,SDGE
329,LinearRegressionModel,2024-10-19 08:08:45,2024-10-19,2024-10-19 00:00:00,2024-10-19,2024-10-19 23:00:00,24,24,True,True,0.95,True,0.1991011021773627,33.44394823672865,0.875,True,107592755483102835,0c5ed587fd7a41bfba90728e53e9b76e,VEA
330,LinearRegressionModel,2024-10-20 08:08:51,2024-10-20,2024-10-20 00:00:00,2024-10-20,2024-10-20 23:00:00,24,24,True,True,0.95,True,0.0626595998770083,137.85632933041984,0.9583333333333334,True,414515991214145897,d012031d19c149d0870cf98c42bde6f1,SDGE
331,LinearRegressionModel,2024-10-20 08:09:32,2024-10-20,2024-10-20 00:00:00,2024-10-20,2024-10-20 23:00:00,24,24,True,True,0.95,True,0.0899912261000599,11.350492660900938,0.9583333333333334,True,954562181745509324,7daaeac5d8284999aba4968542137e84,VEA
332,LinearRegressionModel,2024-10-21 08:09:19,2024-10-21,2024-10-21 00:00:00,2024-10-21,2024-10-21 23:00:00,24,24,True,True,0.95,True,0.0494224532258318,129.7939496777915,1.0,True,948640724517939510,36e17e95fb4a404089e6955f0390f4f7,SDGE
333,LinearRegressionModel,2024-10-21 08:10:01,2024-10-21,2024-10-21 00:00:00,2024-10-21,2024-10-21 23:00:00,24,24,True,True,0.95,True,0.0547373155950877,9.747344384399756,0.9583333333333334,True,323231032334622075,aaa47cf038054e0798b35f99fe16f8ca,VEA
334,LinearRegressionModel,2024-10-22 08:08:48,2024-10-22,2024-10-22 00:00:00,2024-10-22,2024-10-22 23:00:00,24,24,True,True,0.95,True,0.0710416161567995,251.79621205337003,0.7916666666666666,True,617816843746583352,51a32df1d3654d78a9244ca62ac75e2e,SDGE
335,LinearRegressionModel,2024-10-22 08:09:30,2024-10-22,2024-10-22 00:00:00,2024-10-22,2024-10-22 23:00:00,24,24,True,True,0.95,True,0.0252959680254243,3.5257922142269997,1.0,True,271212017115779665,500f78861a0a415cb02a5f5f525fc0c5,VEA
336,LinearRegressionModel,2024-10-23 08:08:55,2024-10-23,2024-10-23 00:00:00,2024-10-23,2024-10-23 23:00:00,24,24,True,True,0.95,False,0.03516987243972674,104.72368793386892,1.0,True,891412601159422068,addea0e29f9944329d37c2f0a3b857cc,SDGE
337,LinearRegressionModel,2024-10-23 08:09:37,2024-10-23,2024-10-23 00:00:00,2024-10-23,2024-10-23 23:00:00,24,24,True,True,0.95,False,0.046824115352784634,5.071269421536031,1.0,True,460863635931983209,b67e260d6e154f3685a901faefe4f316,VEA
